Date,Description,Original Description,Amount,Transaction Type,Category,Account Name,Labels,Notes
9/30/2021,Wal-Mart,WAL-MART SUPERCENTER#1213,5.58,debit,Shopping,TD CASH BACK VISA* CARD,,
9/30/2021,Real Canadian Superstore,REAL CDN SUPERSTORE #1,4.7,debit,Groceries,TD CASH BACK VISA* CARD,,
9/29/2022,Learning Car,Learning Car,100,debit,Auto & Transport,Cash,,
9/29/2022,T&T SUPERMARKET #001,T&T SUPERMARKET #001,24.01,debit,Groceries,TD CASH BACK VISA* CARD,,
9/29/2022,SQ *LMINH'S,SQ *LMINH'S,17.88,debit,Restaurants,TD CASH BACK VISA* CARD,,
9/29/2022,MONTHLY ACCOUNT FEE,MONTHLY ACCOUNT FEE,16.95,debit,Bank Fee,TD UNLIMITED CHEQUING ACCOUNT,,
9/29/2022,ACCT BAL REBATE,ACCT BAL REBATE,16.95,credit,Fees & Charges,TD UNLIMITED CHEQUING ACCOUNT,,
9/29/2022,Restaurant,Restaurant,16,debit,Restaurants,Cash,,
9/29/2022,REAL CDN SUPERSTORE #1,REAL CDN SUPERSTORE #1,10.73,debit,Groceries,TD CASH BACK VISA* CARD,,
9/29/2022,PRICESMART FOODS #2281,PRICESMART FOODS #2281,2.67,debit,Groceries,TD CASH BACK VISA* CARD,,
9/29/2022,INTEREST CREDIT,INTEREST CREDIT,0.02,credit,Interest Income,TD EVERY DAY SAVINGS ACCOUNT,,
9/29/2021,MONTHLY ACCOUNT FEE,MONTHLY ACCOUNT FEE,16.95,debit,Bank Fee,TD UNLIMITED CHEQUING ACCOUNT,,
9/29/2021,ACCT FEE REBATE,ACCT FEE REBATE,16.95,credit,Fees & Charges,TD UNLIMITED CHEQUING ACCOUNT,,
9/29/2021,Real Canadian Superstore,REAL CDN SUPERSTORE #1,13.55,debit,Groceries,TD CASH BACK VISA* CARD,,
9/29/2021,Doordash,Doordash,11.01,debit,Restaurants,Cash,,
9/29/2021,Buck or two plus,Buck or two plus,7.79,debit,Shopping,Cash,,
9/29/2021,OOMOMO METROTOW _F,OOMOMO METROTOW _F,2.24,debit,Shopping,Cash,,
9/29/2021,BONUS INTEREST,BONUS INTEREST,0.45,credit,Interest Income,TD EVERY DAY SAVINGS ACCOUNT,,
9/29/2021,INTEREST CREDIT,INTEREST CREDIT,0.02,credit,Interest Income,TD EVERY DAY SAVINGS ACCOUNT,,
9/28/2022,T&T SUPERMARKET #001,T&T SUPERMARKET #001,12.01,debit,Groceries,TD CASH BACK VISA* CARD,,
9/28/2022,REAL CDN SUPERSTORE #1,REAL CDN SUPERSTORE #1,5.49,debit,Groceries,TD CASH BACK VISA* CARD,,
9/28/2021,Cheesesteak,Cheesesteak,19.64,debit,Restaurants,Cash,,
9/28/2021,DOORDASH*POKEY _V,DOORDASH*POKEY _V,14.15,debit,Restaurants,Cash,,
9/27/2022,REAL CDN SUPERSTORE #1,REAL CDN SUPERSTORE #1,17.96,debit,Groceries,TD CASH BACK VISA* CARD,,
9/27/2022,T&T SUPERMARKET #001,T&T SUPERMARKET #001,5.73,debit,Groceries,TD CASH BACK VISA* CARD,,
9/27/2021,Foodcourt,Foodcourt,9.98,debit,Restaurants,Cash,,
9/26/2022,View more SEND E-TFR ***8gV View more SEND E-TFR ***8gV,View more SEND E-TFR ***8gV View more SEND E-TFR ***8gV,50,debit,Transfer,TD UNLIMITED CHEQUING ACCOUNT,,
9/26/2021,Doordash,Doordash,14.47,debit,Restaurants,Cash,,
9/26/2021,Haircut,Haircut,14,debit,Hair,Cash,,
9/26/2021,Real Canadian Superstore,REAL CDN SUPERSTORE #1,11.3,debit,Groceries,TD CASH BACK VISA* CARD,,
9/26/2021,Maxim bread,Maxim bread,1.95,debit,Groceries,Cash,,
9/25/2021,Real Canadian Superstore,REAL CDN SUPERSTORE #1,53.45,debit,Groceries,TD CASH BACK VISA* CARD,,
9/24/2021,SoftMoc,SoftMoc,156.79,debit,Clothing,Cash,,
9/24/2021,T & T Supermarket,T&T SUPERMARKET #001,16.01,debit,Groceries,TD CASH BACK VISA* CARD,,
9/24/2021,DOORDASH*TIM HO _V,DOORDASH*TIM HO _V,13.9,debit,Restaurants,Cash,,
9/23/2022,Learning Car,Learning Car,100,debit,Auto & Transport,Cash,,
9/23/2021,Pts Frm,PTS FRM: 00916918662,50,credit,Transfer,TD EVERY DAY SAVINGS ACCOUNT,,
9/23/2021,PTS TO: 00916923283,PTS TO: 00916923283,50,debit,Transfer,TD UNLIMITED CHEQUING ACCOUNT,,
9/23/2021,DOORDASH*MILK & _V,DOORDASH*MILK & _V,15.36,debit,Restaurants,Cash,,
9/22/2022,REAL CDN SUPERSTORE #1,REAL CDN SUPERSTORE #1,22.73,debit,Groceries,TD CASH BACK VISA* CARD,,
9/22/2022,T&T SUPERMARKET #001,T&T SUPERMARKET #001,18.79,debit,Groceries,TD CASH BACK VISA* CARD,,
9/22/2022,KFC METROPOLIS,KFC METROPOLIS,12.06,debit,Fast Food,TD CASH BACK VISA* CARD,,
9/22/2021,PAYMENT - THANK YOU,PAYMENT - THANK YOU,31.11,credit,Credit Card Payment,TD CASH BACK VISA* CARD,,
9/22/2021,HO103 TFR-TO C/C,HO103 TFR-TO C/C,31.11,debit,Credit Card Payment,TD UNLIMITED CHEQUING ACCOUNT,,
9/22/2021,DOORDASH*POKEY _V,DOORDASH*POKEY _V,16.21,debit,Restaurants,Cash,,
9/22/2021,OOMOMO METROTOW _F,OOMOMO METROTOW _F,8.68,debit,Shopping,Cash,,
9/22/2021,T & T Supermarket,T&T SUPERMARKET #001,5.77,debit,Groceries,TD CASH BACK VISA* CARD,,
9/22/2021,Real Canadian Superstore,REAL CDN SUPERSTORE #1,2.65,debit,Groceries,TD CASH BACK VISA* CARD,,
9/21/2022,PAYMENT - THANK YOU,PAYMENT - THANK YOU,369.19,credit,Credit Card Payment,TD CASH BACK VISA* CARD,,
9/21/2022,HO025 TFR-TO C/C,HO025 TFR-TO C/C,369.19,debit,Credit Card Payment,TD UNLIMITED CHEQUING ACCOUNT,,
9/21/2022,REWARDS REDEMPTION,REWARDS REDEMPTION,72,credit,Credit Card Payment,TD CASH BACK VISA* CARD,,
9/21/2022,REAL CDN SUPERSTORE #1,REAL CDN SUPERSTORE #1,13.28,debit,Groceries,TD CASH BACK VISA* CARD,,
9/21/2022,MUCHO BURRITO,MUCHO BURRITO,12.08,debit,Restaurants,TD CASH BACK VISA* CARD,,
9/21/2022,T&T SUPERMARKET #001,T&T SUPERMARKET #001,7.69,debit,Groceries,TD CASH BACK VISA* CARD,,
9/21/2021,DOORDASH*MEETRI _V,DOORDASH*MEETRI _V,17.53,debit,Restaurants,Cash,,
9/21/2021,Subway,Subway,11.43,debit,Restaurants,Cash,,
9/21/2021,Safeway,Safeway,9.3,debit,Groceries,Cash,,
9/20/2022,REAL CDN SUPERSTORE #1,REAL CDN SUPERSTORE #1,23.82,debit,Groceries,TD CASH BACK VISA* CARD,,
9/20/2022,T&T SUPERMARKET #001,T&T SUPERMARKET #001,7.02,debit,Groceries,TD CASH BACK VISA* CARD,,
9/20/2021,CATTLE CAFE _F,SQ *CATTLE CAFE _F,59.92,debit,Restaurants,TD UNLIMITED CHEQUING ACCOUNT,,
9/19/2021,OOMOMO METROTOW _F,OOMOMO METROTOW _F,18.48,debit,Shopping,Cash,,
9/19/2021,Real Canadian Superstore,Real Canadian Superstore,14.94,debit,Groceries,Cash,,
9/19/2021,Dollarama,Dollarama,12.04,debit,Shopping,Cash,,
9/19/2021,Tim Horton's,Tim Horton's,9.16,debit,Restaurants,Cash,,
9/18/2021,Real Canadian Superstore,REAL CDN SUPERSTORE #1,31.11,debit,Groceries,TD CASH BACK VISA* CARD,,
9/18/2021,DOORDASH*POKEY _V,DOORDASH*POKEY _V,16.21,debit,Restaurants,Cash,,
9/17/2021,Savingsoffer Msp,SavingsOffer$50 MSP,50,credit,Income,TD UNLIMITED CHEQUING ACCOUNT,,
9/17/2021,Doordash,Doordash,14.99,debit,Restaurants,Cash,,
9/17/2021,Uber Eats,Uber Eats,10.91,debit,Restaurants,Cash,,
9/16/2022,Learning Car,Learning Car,100,debit,Auto & Transport,Cash,,
9/16/2021,Pts Frm,PTS FRM: 00916918662,50,credit,Transfer,TD EVERY DAY SAVINGS ACCOUNT,,
9/16/2021,PTS TO: 00916923283,PTS TO: 00916923283,50,debit,Transfer,TD UNLIMITED CHEQUING ACCOUNT,,
9/16/2021,OOMOMO METROTOW _F,OOMOMO METROTOW _F,5.88,debit,Shopping,Cash,,
9/15/2022,REVENUE SERVICES BC,REVENUE SERVICES BC,75,debit,Health Insurance,TD CASH BACK VISA* CARD,,
9/15/2022,T&T SUPERMARKET #001,T&T SUPERMARKET #001,30.48,debit,Groceries,TD CASH BACK VISA* CARD,,
9/15/2022,REAL CDN SUPERSTORE #1,REAL CDN SUPERSTORE #1,9.68,debit,Groceries,TD CASH BACK VISA* CARD,,
9/15/2022,PRICESMART FOODS #2281,PRICESMART FOODS #2281,6.81,debit,Groceries,TD CASH BACK VISA* CARD,,
9/15/2021,Real Canadian Superstore,Real Canadian Superstore,18.98,debit,Groceries,Cash,,
9/14/2022,KOYA JAPAN,KOYA JAPAN,14.96,debit,Fast Food,TD CASH BACK VISA* CARD,,
9/14/2021,Real Canadian Superstore,Real Canadian Superstore,39.38,debit,Groceries,Cash,,
9/14/2021,MEET RICE NOODL _F,MEET RICE NOODL _F,16.12,debit,Restaurants,TD UNLIMITED CHEQUING ACCOUNT,,
9/14/2021,Doordash,Doordash,14.27,debit,Restaurants,Cash,,
9/14/2021,KFC,KFC,10.65,debit,Restaurants,Cash,,
9/13/2022,T&T SUPERMARKET #001,T&T SUPERMARKET #001,16.72,debit,Groceries,TD CASH BACK VISA* CARD,,
9/13/2022,REAL CDN SUPERSTORE #1,REAL CDN SUPERSTORE #1,5.68,debit,Groceries,TD CASH BACK VISA* CARD,,
9/13/2021,DOORDASH*POKEY _V,DOORDASH*POKEY _V,16.21,debit,Restaurants,Cash,,
9/13/2021,Doordash,Doordash,14.9,debit,Restaurants,Cash,,
9/12/2022,KASUGA SUSHI & _F,KASUGA SUSHI & _F,14.44,debit,Restaurants,TD UNLIMITED CHEQUING ACCOUNT,,
9/12/2021,Walmart,Walmart,316.96,debit,Home,Cash,,
9/12/2021,Real Canadian Superstore,Real Canadian Superstore,31.53,debit,Groceries,Cash,,
9/12/2021,Subway,Subway,9.86,debit,Restaurants,Cash,,
9/12/2021,Dollarama,Dollarama,8.41,debit,Shopping,Cash,,
9/11/2022,Douglas Bookstore,Douglas Bookstore,128.05,debit,Education,Cash,,
9/11/2021,Real Canadian Superstore,Real Canadian Superstore,59.99,debit,Groceries,Cash,,
9/11/2021,Dollarama,Dollarama,30.02,debit,Shopping,Cash,,
9/11/2021,Doordash,Doordash,14.48,debit,Restaurants,Cash,,
9/11/2021,Bourbon st grill,Bourbon st grill,12,debit,Restaurants,Cash,,
9/10/2021,Dollarama,DOLLARAMA #1010 _F,23.02,debit,Shopping,TD UNLIMITED CHEQUING ACCOUNT,,
9/10/2021,DOORDASH*TIM HO _V,DOORDASH*TIM HO _V,15.67,debit,Restaurants,TD UNLIMITED CHEQUING ACCOUNT,,
9/10/2021,Real Canadian Superstore,REAL CDN SUPERS _F,7.01,debit,Groceries,TD UNLIMITED CHEQUING ACCOUNT,,
9/10/2021,T & T Supermarket,T&T SUPERMARKET,5.2,debit,Groceries,TD UNLIMITED CHEQUING ACCOUNT,,
9/09/2022,Learning Car,Learning Car,100,debit,Auto & Transport,Cash,,
9/09/2022,REAL CDN SUPERSTORE #1,REAL CDN SUPERSTORE #1,6.29,debit,Groceries,TD CASH BACK VISA* CARD,,
9/09/2021,PTS TO: 00916923283,PTS TO: 00916923283,50,debit,Transfer,TD UNLIMITED CHEQUING ACCOUNT,,
9/09/2021,Pts Frm,PTS FRM: 00916918662,50,credit,Transfer,TD EVERY DAY SAVINGS ACCOUNT,,
9/09/2021,DOORDASH*POKEY _V,DOORDASH*POKEY _V,16.21,debit,Restaurants,TD UNLIMITED CHEQUING ACCOUNT,,
9/09/2021,DOORDASH*MILK & _V,DOORDASH*MILK & _V,15.36,debit,Restaurants,TD UNLIMITED CHEQUING ACCOUNT,,
9/08/2022,PRICESMART FOODS #2281,PRICESMART FOODS #2281,32.85,debit,Groceries,TD CASH BACK VISA* CARD,,
9/08/2022,Restaurant,Restaurant,14.5,debit,Restaurants,Cash,,
9/08/2022,POPEYES LOUISIANA KITC,POPEYES LOUISIANA KITC,12.05,debit,Restaurants,TD CASH BACK VISA* CARD,,
9/08/2021,View more E-TRANSFER ***PQG View more E-TRANSFER ***PQG,View more E-TRANSFER ***PQG View more E-TRANSFER ***PQG,7000,credit,Transfer,TD UNLIMITED CHEQUING ACCOUNT,,
9/08/2021,W M ANDERSON AG,W M ANDERSON AG,250,debit,Home Insurance,TD UNLIMITED CHEQUING ACCOUNT,,
9/08/2021,Apple,APPLE STORE #R4,28,debit,Electronics & Software,TD UNLIMITED CHEQUING ACCOUNT,,
9/08/2021,KFC,KFC METROPOLIS _F,13.08,debit,Restaurants,TD UNLIMITED CHEQUING ACCOUNT,,
9/07/2022,REAL CDN SUPERSTORE #1,REAL CDN SUPERSTORE #1,10.66,debit,Groceries,TD CASH BACK VISA* CARD,,
9/07/2021,View more SEND E-TFR ***Wxw View more SEND E-TFR ***Wxw,View more SEND E-TFR ***Wxw View more SEND E-TFR ***Wxw,1233.33,debit,Mortgage & Rent,TD UNLIMITED CHEQUING ACCOUNT,,
9/07/2021,IKEA,IKEA RICHMOND _F,195.74,debit,Furnishings,TD UNLIMITED CHEQUING ACCOUNT,,
9/07/2021,Fido,FIDO Mobile *** _V,104.42,debit,Mobile Phone,TD UNLIMITED CHEQUING ACCOUNT,,
9/07/2021,DOORDASH*PHO CE _V,DOORDASH*PHO CE _V,16.74,debit,Restaurants,TD UNLIMITED CHEQUING ACCOUNT,,
9/07/2021,DOORDASH*TIM HO _V,DOORDASH*TIM HO _V,16.74,debit,Restaurants,TD UNLIMITED CHEQUING ACCOUNT,,
9/07/2021,MARUTAMA RA-MEN _F,MARUTAMA RA-MEN _F,16.17,debit,Restaurants,TD UNLIMITED CHEQUING ACCOUNT,,
9/07/2021,DOORDASH*MEETRI _V,DOORDASH*MEETRI _V,15.7,debit,Restaurants,TD UNLIMITED CHEQUING ACCOUNT,,
9/07/2021,BK #14160 _F,BK #14160 _F,10.12,debit,Restaurants,TD UNLIMITED CHEQUING ACCOUNT,,
9/07/2021,Tim Horton's,TIM HORTONS #48 _F,6.29,debit,Restaurants,TD UNLIMITED CHEQUING ACCOUNT,,
9/07/2021,T & T Supermarket,T&T SUPERMARKET,4.65,debit,Groceries,TD UNLIMITED CHEQUING ACCOUNT,,
9/07/2021,Real Canadian Superstore,REAL CDN SUPERS _F,4.03,debit,Groceries,TD UNLIMITED CHEQUING ACCOUNT,,
9/06/2022,REAL CDN SUPERSTORE #1,REAL CDN SUPERSTORE #1,11.62,debit,Groceries,TD CASH BACK VISA* CARD,,
9/06/2022,REAL CDN SUPERSTORE #1,REAL CDN SUPERSTORE #1,7.94,debit,Groceries,TD CASH BACK VISA* CARD,,
9/06/2022,T&T SUPERMARKET #001,T&T SUPERMARKET #001,5.03,debit,Groceries,TD CASH BACK VISA* CARD,,
9/05/2022,NordVPN,Nord,133.71,debit,Business Services,Cash,,
9/05/2022,TELUS PRE-AUTH PAYMENT,TELUS PRE-AUTH PAYMENT,99.93,debit,Mobile Phone,TD CASH BACK VISA* CARD,,
9/04/2022,FIDO Mobile ******3898,FIDO Mobile ******3898,37.4,debit,Mobile Phone,TD CASH BACK VISA* CARD,,
9/03/2022,SQ *TEA CUBED PATISSERIE,SQ *TEA CUBED PATISSERIE,11.02,debit,Coffee Shops,TD CASH BACK VISA* CARD,,
9/03/2021,DOORDASH*POKEY _V,DOORDASH*POKEY _V,17.03,debit,Restaurants,TD UNLIMITED CHEQUING ACCOUNT,,
9/03/2021,DOORDASH*MILK & _V,DOORDASH*MILK & _V,16.14,debit,Restaurants,TD UNLIMITED CHEQUING ACCOUNT,,
9/02/2021,View more SEND E-TFR ***ZeU View more SEND E-TFR ***ZeU,View more SEND E-TFR ***ZeU View more SEND E-TFR ***ZeU,925,debit,Mortgage & Rent,TD UNLIMITED CHEQUING ACCOUNT,,
9/02/2021,Pts Frm,PTS FRM: 00916918662,50,credit,Transfer,TD EVERY DAY SAVINGS ACCOUNT,,
9/02/2021,PTS TO: 00916923283,PTS TO: 00916923283,50,debit,Transfer,TD UNLIMITED CHEQUING ACCOUNT,,
9/02/2021,DOORDASH*HI FIV _V,DOORDASH*HI FIV _V,16.45,debit,Restaurants,TD UNLIMITED CHEQUING ACCOUNT,,
9/02/2021,Subway,DOORDASH*SUBWAY _V,9.61,debit,Restaurants,TD UNLIMITED CHEQUING ACCOUNT,,
9/01/2022,Rent,Rent,1850,debit,Mortgage & Rent,Cash,,
9/01/2022,T&T SUPERMARKET #001,T&T SUPERMARKET #001,24.76,debit,Groceries,TD CASH BACK VISA* CARD,,
9/01/2022,REAL CDN SUPERSTORE #1,REAL CDN SUPERSTORE #1,7,debit,Groceries,TD CASH BACK VISA* CARD,,
9/01/2022,Real Canadian Superstore,Real Canadian Superstore,3.39,debit,Groceries,Cash,,
9/01/2021,TRANSFER,TRANSFER,2000,credit,Transfer,TD EVERY DAY SAVINGS ACCOUNT,,
9/01/2021,TRANSFER,TRANSFER,2000,debit,Transfer,TD UNLIMITED CHEQUING ACCOUNT,,
9/01/2021,UNIQLO METROTOW _F,UNIQLO METROTOW _F,66.87,debit,Clothing,TD UNLIMITED CHEQUING ACCOUNT,,
9/01/2021,DOORDASH*MEETRI _V,DOORDASH*MEETRI _V,8.42,debit,Restaurants,TD UNLIMITED CHEQUING ACCOUNT,,
8/31/2022,MONTHLY ACCOUNT FEE,MONTHLY ACCOUNT FEE,16.95,debit,Bank Fee,TD UNLIMITED CHEQUING ACCOUNT,,
8/31/2022,ACCT FEE REBATE,ACCT FEE REBATE,16.95,credit,Fees & Charges,TD UNLIMITED CHEQUING ACCOUNT,,
8/31/2022,PTS TO: 00916923283,PTS TO: 00916923283,10,debit,Transfer,TD UNLIMITED CHEQUING ACCOUNT,,
8/31/2022,Pts Frm,PTS FRM: 00916918662,10,credit,Transfer,TD EVERY DAY SAVINGS ACCOUNT,,
8/31/2022,REAL CDN SUPERSTORE #1,REAL CDN SUPERSTORE #1,9.68,debit,Groceries,TD CASH BACK VISA* CARD,,
8/31/2022,T&T SUPERMARKET #001,T&T SUPERMARKET #001,5.63,debit,Groceries,TD CASH BACK VISA* CARD,,
8/31/2022,INTEREST CREDIT,INTEREST CREDIT,0.02,credit,Interest Income,TD EVERY DAY SAVINGS ACCOUNT,,
8/31/2021,View more E-TRANSFER ***dvN View more E-TRANSFER ***dvN,View more E-TRANSFER ***dvN View more E-TRANSFER ***dvN,7000,credit,Transfer,TD UNLIMITED CHEQUING ACCOUNT,,
8/31/2021,KFC,DOORDASH*KFC _V,15.79,debit,Restaurants,TD UNLIMITED CHEQUING ACCOUNT,,
8/31/2021,A & W,DOORDASH*A&W - _V,15.54,debit,Restaurants,TD UNLIMITED CHEQUING ACCOUNT,,
8/31/2021,Pts Frm,PTS FRM: 00916918662,10,credit,Transfer,TD EVERY DAY SAVINGS ACCOUNT,,
8/31/2021,PTS TO: 00916923283,PTS TO: 00916923283,10,debit,Transfer,TD UNLIMITED CHEQUING ACCOUNT,,
8/31/2021,ACCT FEE REBATE,ACCT FEE REBATE,4.92,credit,Fees & Charges,TD UNLIMITED CHEQUING ACCOUNT,,
8/31/2021,MONTHLY ACCOUNT FEE,MONTHLY ACCOUNT FEE,4.92,debit,Bank Fee,TD UNLIMITED CHEQUING ACCOUNT,,
8/30/2021,View more E-TRANSFER ***Z4M View more E-TRANSFER ***Z4M,View more E-TRANSFER ***Z4M View more E-TRANSFER ***Z4M,3000,credit,Transfer,TD UNLIMITED CHEQUING ACCOUNT,,
8/30/2021,View more SEND E-TFR ***Cr7 View more SEND E-TFR ***Cr7,View more SEND E-TFR ***Cr7 View more SEND E-TFR ***Cr7,500,debit,Transfer,TD UNLIMITED CHEQUING ACCOUNT,,
8/30/2021,DOORDASH*MILK & _V,DOORDASH*MILK & _V,16.27,debit,Restaurants,TD UNLIMITED CHEQUING ACCOUNT,,
8/30/2021,DOORDASH*MR. HO _V,DOORDASH*MR. HO _V,16.09,debit,Restaurants,TD UNLIMITED CHEQUING ACCOUNT,,
8/30/2021,Denny's,DOORDASH*DENNYS _V,16.05,debit,Restaurants,TD UNLIMITED CHEQUING ACCOUNT,,
8/30/2021,Real Canadian Superstore,REAL CDN SUPERS _F,15.41,debit,Groceries,TD UNLIMITED CHEQUING ACCOUNT,,
8/29/2022,Walmart,Walmart,18.41,debit,Home,Cash,,
8/27/2021,DOORDASH*MEETRI _V,DOORDASH*MEETRI _V,17.26,debit,Restaurants,TD UNLIMITED CHEQUING ACCOUNT,,
8/27/2021,DOORDASH*POKEY _V,DOORDASH*POKEY _V,17.03,debit,Restaurants,TD UNLIMITED CHEQUING ACCOUNT,,
8/26/2021,Pts Frm,PTS FRM: 00916918662,50,credit,Transfer,TD EVERY DAY SAVINGS ACCOUNT,,
8/26/2021,PTS TO: 00916923283,PTS TO: 00916923283,50,debit,Transfer,TD UNLIMITED CHEQUING ACCOUNT,,
8/26/2021,DOORDASH*KAMAMA _V,DOORDASH*KAMAMA _V,13.6,debit,Restaurants,TD UNLIMITED CHEQUING ACCOUNT,,
8/26/2021,OOMOMO METROTOW _F,OOMOMO METROTOW _F,6.72,debit,Coffee Shops,TD UNLIMITED CHEQUING ACCOUNT,,
8/25/2022,T & T Supermarket,T & T Supermarket,26.27,debit,Groceries,Cash,,
8/25/2022,Real Canadian Superstore,Real Canadian Superstore,9.63,debit,Groceries,Cash,,
8/25/2021,Uber Eats,UBER *EATS _V,17.32,debit,Food & Dining,TD UNLIMITED CHEQUING ACCOUNT,,
8/25/2021,Uber Rev V,UBER * REV 08/24_V,16.32,credit,Income,TD UNLIMITED CHEQUING ACCOUNT,,
8/25/2021,DOORDASH*MCDONA _V,DOORDASH*MCDONA _V,15.21,debit,Restaurants,TD UNLIMITED CHEQUING ACCOUNT,,
8/25/2021,KFC,KFC #1800 _F,12.85,debit,Fast Food,TD UNLIMITED CHEQUING ACCOUNT,,
8/24/2022,Real Canadian Superstore,Real Canadian Superstore,27.17,debit,Groceries,Cash,,
8/24/2022,T & T Supermarket,T & T Supermarket,13.91,debit,Groceries,Cash,,
8/24/2021,COMPASS VENDING,COMPASS VENDING,20,debit,Public Transportation,TD UNLIMITED CHEQUING ACCOUNT,,
8/24/2021,Uber.com,UBER * EATS P _V,16.32,debit,Fast Food,TD UNLIMITED CHEQUING ACCOUNT,,
8/24/2021,Subway,DOORDASH*SUBWAY _V,15.21,debit,Restaurants,TD UNLIMITED CHEQUING ACCOUNT,,
8/23/2021,View more E-TRANSFER ***nkT View more E-TRANSFER ***nkT,View more E-TRANSFER ***nkT View more E-TRANSFER ***nkT,7000,credit,Transfer,TD UNLIMITED CHEQUING ACCOUNT,,
8/23/2021,View more E-TRANSFER ***TXK View more E-TRANSFER ***TXK,View more E-TRANSFER ***TXK View more E-TRANSFER ***TXK,3000,credit,Transfer,TD UNLIMITED CHEQUING ACCOUNT,,
8/23/2021,View more SEND E-TFR ***bt9 View more SEND E-TFR ***bt9,View more SEND E-TFR ***bt9 View more SEND E-TFR ***bt9,100,debit,Transfer,TD UNLIMITED CHEQUING ACCOUNT,,
8/23/2021,Wire,210823S0312800WIRE,100,credit,Income,TD UNLIMITED CHEQUING ACCOUNT,,
8/23/2021,Hsbc,Hsbc,35,debit,Transfer for Cash Spending,Cash,,
8/23/2021,7-Eleven,7 ELEVEN STORE _F,21.49,debit,Fast Food,TD UNLIMITED CHEQUING ACCOUNT,,
8/23/2021,MEET RICE NOODL _F,MEET RICE NOODL _F,16.12,debit,Restaurants,Cash,,
8/23/2021,KFC,DOORDASH*KFC _V,15.68,debit,Restaurants,TD UNLIMITED CHEQUING ACCOUNT,,
8/23/2021,DOORDASH*PARADI _V,DOORDASH*PARADI _V,12.53,debit,Restaurants,TD UNLIMITED CHEQUING ACCOUNT,,
8/23/2021,Real Canadian Superstore,REAL CDN SUPERS,9.21,debit,Groceries,TD UNLIMITED CHEQUING ACCOUNT,,
8/23/2021,OPEN ACCOUNT,OPEN ACCOUNT,0,credit,Transfer,TD EVERY DAY SAVINGS ACCOUNT,,
8/23/2021,OPEN ACCOUNT,OPEN ACCOUNT,0,credit,Transfer,TD UNLIMITED CHEQUING ACCOUNT,,
8/22/2022,PAYMENT - THANK YOU,PAYMENT - THANK YOU,304.5,credit,Credit Card Payment,TD CASH BACK VISA* CARD,,
8/22/2022,UC245 TFR-TO C/C,UC245 TFR-TO C/C,304.5,debit,Credit Card Payment,TD UNLIMITED CHEQUING ACCOUNT,,
8/21/2022,Restaurant,Restaurant,53.2,debit,Restaurants,Cash,,
8/20/2022,Newyorkfries,Newyorkfries,13.81,debit,Restaurants,Cash,,
8/20/2021,Real Canadian Superstore,Real Canadian Superstore,7.41,debit,Groceries,Cash,,
8/19/2022,W M ANDERSON AG,W M ANDERSON AG,258,debit,Home Insurance,Cash,,
8/18/2022,Real Canadian Superstore,Real Canadian Superstore,37.07,debit,Groceries,Cash,,
8/18/2022,T & T Supermarket,T & T Supermarket,15.31,debit,Groceries,Cash,,
8/18/2022,Restaurant,Restaurant,9.44,debit,Restaurants,Cash,,
8/16/2022,T & T Supermarket,T & T Supermarket,12.32,debit,Groceries,Cash,,
8/16/2022,Restaurant,Restaurant,11.71,debit,Restaurants,Cash,,
8/16/2022,Real Canadian Superstore,Real Canadian Superstore,8.49,debit,Groceries,Cash,,
8/15/2022,REVENUE SERVICES BC,REVENUE SERVICES BC,75,debit,Health Insurance,TD CASH BACK VISA* CARD,,
8/12/2022,Bubble Waffle Cafe,Bubble Waffle Cafe,15.7,debit,Restaurants,Cash,,
8/12/2022,Real Canadian Superstore,Real Canadian Superstore,12.28,debit,Groceries,Cash,,
8/12/2022,Price Smart,Price Smart,3.88,debit,Groceries,Cash,,
8/11/2022,Real Canadian Superstore,Real Canadian Superstore,43.67,debit,Groceries,Cash,,
8/11/2022,Haircut,Haircut,41,debit,Hair,Cash,,
8/11/2022,T & T Supermarket,T & T Supermarket,4.53,debit,Groceries,Cash,,
8/09/2022,Initium,Initium,82.17,debit,Newspapers & Magazines,Cash,,
8/06/2022,TELUS PRE-AUTH PAYMENT,TELUS PRE-AUTH PAYMENT,99.93,debit,Mobile Phone,TD CASH BACK VISA* CARD,,
8/05/2022,Restaurant,Restaurant,11.18,debit,Restaurants,Cash,,
8/05/2022,Real Canadian Superstore,Real Canadian Superstore,2.99,debit,Groceries,Cash,,
8/05/2022,Dollarama,Dollarama,2.81,debit,Shopping,Cash,,
8/04/2022,FIDO Mobile ******3898,FIDO Mobile ******3898,54.57,debit,Mobile Phone,TD CASH BACK VISA* CARD,,
8/04/2022,Real Canadian Superstore,Real Canadian Superstore,19.12,debit,Groceries,Cash,,
8/04/2022,Restaurant,Restaurant,9.44,debit,Restaurants,Cash,,
8/04/2022,T & T Supermarket,T & T Supermarket,8.66,debit,Groceries,Cash,,
8/03/2022,B.C. HYDRO-PAP BPY,B.C. HYDRO-PAP BPY,42.26,debit,Utilities,TD UNLIMITED CHEQUING ACCOUNT,,
8/03/2022,Real Canadian Superstore,Real Canadian Superstore,31.98,debit,Groceries,Cash,,
8/03/2022,T & T Supermarket,T & T Supermarket,13.32,debit,Groceries,Cash,,
8/02/2022,PTS TO: 00916923283,PTS TO: 00916923283,10,debit,Transfer,TD UNLIMITED CHEQUING ACCOUNT,,
8/02/2022,Pts Frm,PTS FRM: 00916918662,10,credit,Transfer,TD EVERY DAY SAVINGS ACCOUNT,,
8/01/2022,Rent,Rent,1850,debit,Mortgage & Rent,Cash,,
7/29/2022,Restaurant,Restaurant,21.46,debit,Restaurants,Cash,,
7/29/2022,MONTHLY ACCOUNT FEE,MONTHLY ACCOUNT FEE,16.95,debit,Bank Fee,TD UNLIMITED CHEQUING ACCOUNT,,
7/29/2022,ACCT FEE REBATE,ACCT FEE REBATE,16.95,credit,Fees & Charges,TD UNLIMITED CHEQUING ACCOUNT,,
7/29/2022,INTEREST CREDIT,INTEREST CREDIT,0.02,credit,Interest Income,TD EVERY DAY SAVINGS ACCOUNT,,
7/28/2022,Douglas,Douglas,8069.41,debit,Education,Cash,,
7/28/2022,T & T Supermarket,T & T Supermarket,18.66,debit,Groceries,Cash,,
7/28/2022,Real Canadian Superstore,Real Canadian Superstore,16.52,debit,Groceries,Cash,,
7/28/2022,Restaurant,Restaurant,9.44,debit,Restaurants,Cash,,
7/27/2022,Real Canadian Superstore,Real Canadian Superstore,22.13,debit,Groceries,Cash,,
7/27/2022,T & T Supermarket,T & T Supermarket,12.92,debit,Groceries,Cash,,
7/26/2022,Hkgov,Hkgov,64.95,debit,Business Services,Cash,,
7/26/2022,Hkgov,Hkgov,35.05,debit,Business Services,Cash,,
7/22/2022,Restaurant,Restaurant,24.29,debit,Restaurants,Cash,,
7/21/2022,PAYMENT - THANK YOU,PAYMENT - THANK YOU,144.73,credit,Credit Card Payment,TD CASH BACK VISA* CARD,,
7/21/2022,HB440 TFR-TO C/C,HB440 TFR-TO C/C,144.73,debit,Credit Card Payment,TD UNLIMITED CHEQUING ACCOUNT,,
7/21/2022,T & T Supermarket,T & T Supermarket,15.55,debit,Groceries,Cash,,
7/21/2022,Real Canadian Superstore,Real Canadian Superstore,15.04,debit,Groceries,Cash,,
7/21/2022,Restaurant,Restaurant,9.44,debit,Restaurants,Cash,,
7/20/2022,T & T Supermarket,T & T Supermarket,15.11,debit,Groceries,Cash,,
7/20/2022,Real Canadian Superstore,Real Canadian Superstore,14,debit,Groceries,Cash,,
7/18/2022,REVENUE SERVICES BC,REVENUE SERVICES BC,75,debit,Health Insurance,TD CASH BACK VISA* CARD,,
7/15/2022,Restaurant,Restaurant,10.13,debit,Restaurants,Cash,,
7/14/2022,Real Canadian Superstore,Real Canadian Superstore,22.13,debit,Groceries,Cash,,
7/14/2022,Restaurant,Restaurant,9.44,debit,Restaurants,Cash,,
7/14/2022,T & T Supermarket,T & T Supermarket,7.03,debit,Groceries,Cash,,
7/12/2022,Bestbuy,Bestbuy,113.06,debit,Electronics & Software,Cash,,
7/07/2022,Real Canadian Superstore,Real Canadian Superstore,30.16,debit,Groceries,Cash,,
7/07/2022,Restaurant,Restaurant,9.44,debit,Restaurants,Cash,,
7/06/2022,TELUS PRE-AUTH PAYMENT,TELUS PRE-AUTH PAYMENT,99.93,debit,Mobile Phone,TD CASH BACK VISA* CARD,,
7/05/2022,FIDO Mobile ******3898,FIDO Mobile ******3898,44.8,debit,Mobile Phone,TD CASH BACK VISA* CARD,,
7/04/2022,PTS TO: 00916923283,PTS TO: 00916923283,10,debit,Transfer,TD UNLIMITED CHEQUING ACCOUNT,,
7/04/2022,Pts Frm,PTS FRM: 00916918662,10,credit,Transfer,TD EVERY DAY SAVINGS ACCOUNT,,
7/03/2022,Chieftony,Chieftony,13.64,debit,Restaurants,Cash,,
7/02/2022,Restaurant,Restaurant,6.46,debit,Restaurants,Cash,,
7/01/2022,Rent,Rent,1850,debit,Mortgage & Rent,Cash,,
6/30/2022,ACCT FEE REBATE,ACCT FEE REBATE,16.95,credit,Fees & Charges,TD UNLIMITED CHEQUING ACCOUNT,,
6/30/2022,MONTHLY ACCOUNT FEE,MONTHLY ACCOUNT FEE,16.95,debit,Bank Fee,TD UNLIMITED CHEQUING ACCOUNT,,
6/30/2022,T & T Supermarket,T & T Supermarket,15.63,debit,Groceries,Cash,,
6/30/2022,Real Canadian Superstore,Real Canadian Superstore,8.09,debit,Groceries,Cash,,
6/30/2022,Restaurant,Restaurant,6.29,debit,Restaurants,Cash,,
6/30/2022,Real Canadian Superstore,Real Canadian Superstore,3.49,debit,Groceries,Cash,,
6/30/2022,INTEREST CREDIT,INTEREST CREDIT,0.02,credit,Interest Income,TD EVERY DAY SAVINGS ACCOUNT,,
6/29/2022,T & T Supermarket,T & T Supermarket,16.88,debit,Groceries,Cash,,
6/29/2022,Real Canadian Superstore,Real Canadian Superstore,5.48,debit,Groceries,Cash,,
6/24/2022,Restaurant,Restaurant,9.96,debit,Restaurants,Cash,,
6/24/2022,Restaurant,Restaurant,2.72,debit,Restaurants,Cash,,
6/24/2022,Real Canadian Superstore,Real Canadian Superstore,1.59,debit,Groceries,Cash,,
6/23/2022,T & T Supermarket,T & T Supermarket,24.18,debit,Groceries,Cash,,
6/23/2022,Real Canadian Superstore,Real Canadian Superstore,11.44,debit,Groceries,Cash,,
6/23/2022,Restaurant,Restaurant,9.44,debit,Restaurants,Cash,,
6/22/2022,PAYMENT - THANK YOU,PAYMENT - THANK YOU,337.5,credit,Credit Card Payment,TD CASH BACK VISA* CARD,,
6/22/2022,HJ100 TFR-TO C/C,HJ100 TFR-TO C/C,337.5,debit,Credit Card Payment,TD UNLIMITED CHEQUING ACCOUNT,,
6/22/2022,Real Canadian Superstore,Real Canadian Superstore,24.33,debit,Groceries,Cash,,
6/22/2022,DANNY HAIR SALON,DANNY HAIR SALON,18,debit,Hair,Cash,,
6/21/2022,Real Canadian Superstore,Real Canadian Superstore,9.12,debit,Groceries,Cash,,
6/17/2022,Restaurant,Restaurant,9.96,debit,Restaurants,Cash,,
6/16/2022,Real Canadian Superstore,Real Canadian Superstore,23.41,debit,Groceries,Cash,,
6/16/2022,KFC,KFC,10.38,debit,Restaurants,Cash,,
6/16/2022,T & T Supermarket,T & T Supermarket,5.45,debit,Groceries,Cash,,
6/16/2022,Tim Horton's,Tim Horton's,1.88,debit,Restaurants,Cash,,
6/15/2022,REVENUE SERVICES BC,REVENUE SERVICES BC,75,debit,Health Insurance,TD CASH BACK VISA* CARD,,
6/15/2022,T & T Supermarket,T & T Supermarket,16.41,debit,Groceries,Cash,,
6/15/2022,Real Canadian Superstore,Real Canadian Superstore,8.58,debit,Groceries,Cash,,
6/15/2022,Dollarama,Dollarama,1.4,debit,Shopping,Cash,,
6/13/2022,DAWANGONG RESTA _F,DAWANGONG RESTA _F,14.91,debit,Coffee Shops,TD UNLIMITED CHEQUING ACCOUNT,,
6/10/2022,Real Canadian Superstore,Real Canadian Superstore,26.85,debit,Groceries,Cash,,
6/09/2022,T & T Supermarket,T & T Supermarket,30.32,debit,Groceries,Cash,,
6/09/2022,Restaurant,Restaurant,9.44,debit,Restaurants,Cash,,
6/08/2022,Real Canadian Superstore,Real Canadian Superstore,32.54,debit,Groceries,Cash,,
6/08/2022,T & T Supermarket,T & T Supermarket,19.44,debit,Groceries,Cash,,
6/07/2022,TELUS PRE-AUTH PAYMENT,TELUS PRE-AUTH PAYMENT,96.94,debit,Internet,TD CASH BACK VISA* CARD,,
6/04/2022,FIDO Mobile ******3898,FIDO Mobile ******3898,44.8,debit,Mobile Phone,TD CASH BACK VISA* CARD,,
6/03/2022,Restaurant,Restaurant,12.58,debit,Restaurants,Cash,,
6/03/2022,Restaurant,Restaurant,2.09,debit,Restaurants,Cash,,
6/02/2022,T & T Supermarket,T & T Supermarket,24.77,debit,Groceries,Cash,,
6/02/2022,Real Canadian Superstore,Real Canadian Superstore,11.26,debit,Groceries,Cash,,
6/02/2022,Restaurant,Restaurant,9.44,debit,Restaurants,Cash,,
6/01/2022,Rent,Rent,1850,debit,Mortgage & Rent,Cash,,
6/01/2022,Real Canadian Superstore,Real Canadian Superstore,36.13,debit,Groceries,Cash,,
6/01/2022,PORTER EXPRESS _F,PORTER EXPRESS _F,20,debit,Shipping,TD UNLIMITED CHEQUING ACCOUNT,,
6/01/2022,T & T Supermarket,T & T Supermarket,18.4,debit,Groceries,Cash,,
5/31/2022,B.C. HYDRO-PAP BPY,B.C. HYDRO-PAP BPY,61.59,debit,Utilities,TD UNLIMITED CHEQUING ACCOUNT,,
5/31/2022,MONTHLY ACCOUNT FEE,MONTHLY ACCOUNT FEE,16.95,debit,Bank Fee,TD UNLIMITED CHEQUING ACCOUNT,,
5/31/2022,ACCT FEE REBATE,ACCT FEE REBATE,16.95,credit,Fees & Charges,TD UNLIMITED CHEQUING ACCOUNT,,
5/31/2022,PTS TO: 00916923283,PTS TO: 00916923283,10,debit,Transfer,TD UNLIMITED CHEQUING ACCOUNT,,
5/31/2022,Pts Frm,PTS FRM: 00916918662,10,credit,Transfer,TD EVERY DAY SAVINGS ACCOUNT,,
5/31/2022,INTEREST CREDIT,INTEREST CREDIT,0.02,credit,Interest Income,TD EVERY DAY SAVINGS ACCOUNT,,
5/30/2022,Real Canadian Superstore,Real Canadian Superstore,19.3,debit,Groceries,Cash,,
5/27/2022,Restaurant,Restaurant,9.96,debit,Restaurants,Cash,,
5/26/2022,REAL CDN SUPERSTORE #1,REAL CDN SUPERSTORE #1,12.66,debit,Groceries,TD CASH BACK VISA* CARD,,
5/26/2022,T&T SUPERMARKET #001,T&T SUPERMARKET #001,10.48,debit,Groceries,TD CASH BACK VISA* CARD,,
5/26/2022,CHARTWELLS-67851,CHARTWELLS-67851,9.44,debit,Fast Food,TD CASH BACK VISA* CARD,,
5/25/2022,SQ *KINGSWAY GL,SQ *KINGSWAY GL,280.5,debit,Legal,TD UNLIMITED CHEQUING ACCOUNT,,
5/25/2022,T&T SUPERMARKET #001,T&T SUPERMARKET #001,17.93,debit,Groceries,TD CASH BACK VISA* CARD,,
5/25/2022,REAL CDN SUPERSTORE #1,REAL CDN SUPERSTORE #1,10.57,debit,Groceries,TD CASH BACK VISA* CARD,,
5/24/2022,PAYMENT - THANK YOU,PAYMENT - THANK YOU,752.97,credit,Credit Card Payment,TD CASH BACK VISA* CARD,,
5/24/2022,RT564 TFR-TO C/C,RT564 TFR-TO C/C,752.97,debit,Credit Card Payment,TD UNLIMITED CHEQUING ACCOUNT,,
5/23/2022,REAL CDN SUPERSTORE #1,REAL CDN SUPERSTORE #1,2,debit,Groceries,TD CASH BACK VISA* CARD,,
5/20/2022,MAD CHICKEN - V _F,MAD CHICKEN - V _F,12.95,debit,Restaurants,TD UNLIMITED CHEQUING ACCOUNT,,
5/20/2022,OOMOMO METROTOWN STORE,OOMOMO METROTOWN STORE,7.84,debit,Shopping,TD CASH BACK VISA* CARD,,
5/19/2022,T&T SUPERMARKET #001,T&T SUPERMARKET #001,31.63,debit,Groceries,TD CASH BACK VISA* CARD,,
5/19/2022,REAL CDN SUPERSTORE #1,REAL CDN SUPERSTORE #1,9.82,debit,Groceries,TD CASH BACK VISA* CARD,,
5/19/2022,CHARTWELLS-67851,CHARTWELLS-67851,8.39,debit,Fast Food,TD CASH BACK VISA* CARD,,
5/19/2022,INTEREST CHARGE - CASH,INTEREST CHARGE - CASH,0.01,debit,Finance Charge,TD CASH BACK VISA* CARD,,
5/17/2022,Dental,Dental,30,debit,Health & Fitness,Cash,,
5/17/2022,REAL CDN SUPERSTORE #1,REAL CDN SUPERSTORE #1,15.16,debit,Groceries,TD CASH BACK VISA* CARD,,
5/17/2022,T&T SUPERMARKET #001,T&T SUPERMARKET #001,9.66,debit,Groceries,TD CASH BACK VISA* CARD,,
5/16/2022,REVENUE SERVICES BC,REVENUE SERVICES BC,75,debit,Health Insurance,TD CASH BACK VISA* CARD,,
5/13/2022,Restaurant,Restaurant,10.45,debit,Restaurants,Cash,,
5/12/2022,T&T SUPERMARKET #001,T&T SUPERMARKET #001,25.96,debit,Groceries,TD CASH BACK VISA* CARD,,
5/12/2022,CHARTWELLS-67851,CHARTWELLS-67851,10.49,debit,Fast Food,TD CASH BACK VISA* CARD,,
5/11/2022,REAL CDN SUPERSTORE #1,REAL CDN SUPERSTORE #1,25.07,debit,Groceries,TD CASH BACK VISA* CARD,,
5/11/2022,T&T SUPERMARKET #001,T&T SUPERMARKET #001,20.45,debit,Groceries,TD CASH BACK VISA* CARD,,
5/06/2022,TELUS PRE-AUTH PAYMENT,TELUS PRE-AUTH PAYMENT,102.92,debit,Internet,TD CASH BACK VISA* CARD,,
5/05/2022,FIDO Mobile ******3898,FIDO Mobile ******3898,44.8,debit,Mobile Phone,TD CASH BACK VISA* CARD,,
5/05/2022,DANNY HAIR SALON,DANNY HAIR SALON,36.23,debit,Hair,TD CASH BACK VISA* CARD,,
5/05/2022,T&T SUPERMARKET #001,T&T SUPERMARKET #001,25.12,debit,Groceries,TD CASH BACK VISA* CARD,,
5/05/2022,REAL CDN SUPERSTORE #1,REAL CDN SUPERSTORE #1,19.25,debit,Groceries,TD CASH BACK VISA* CARD,,
5/04/2022,Restaurant,Restaurant,49.81,debit,Restaurants,Cash,,
5/04/2022,REAL CDN SUPERSTORE #1,REAL CDN SUPERSTORE #1,17.02,debit,Groceries,TD CASH BACK VISA* CARD,,
5/04/2022,Restaurant,Restaurant,7.3,debit,Restaurants,Cash,,
5/04/2022,T&T SUPERMARKET #001,T&T SUPERMARKET #001,6.3,debit,Groceries,TD CASH BACK VISA* CARD,,
5/03/2022,Restaurant,Restaurant,45.29,debit,Restaurants,Cash,,
5/03/2022,Restaurant,Restaurant,8.6,debit,Restaurants,Cash,,
5/02/2022,PTS TO: 00916923283,PTS TO: 00916923283,10,debit,Transfer,TD UNLIMITED CHEQUING ACCOUNT,,
5/02/2022,Pts Frm,PTS FRM: 00916918662,10,credit,Transfer,TD EVERY DAY SAVINGS ACCOUNT,,
5/01/2022,Rent,Rent,1850,debit,Mortgage & Rent,Cash,,
4/30/2022,Catcus,Catcus,53.28,debit,Restaurants,Cash,,
4/29/2022,MONTHLY ACCOUNT FEE,MONTHLY ACCOUNT FEE,16.95,debit,Bank Fee,TD UNLIMITED CHEQUING ACCOUNT,,
4/29/2022,ACCT FEE REBATE,ACCT FEE REBATE,16.95,credit,Fees & Charges,TD UNLIMITED CHEQUING ACCOUNT,,
4/29/2022,INTEREST CREDIT,INTEREST CREDIT,0.02,credit,Interest Income,TD EVERY DAY SAVINGS ACCOUNT,,
4/28/2022,WAL-MART SUPERCENTER#1213,WAL-MART SUPERCENTER#1213,33.12,debit,Shopping,TD CASH BACK VISA* CARD,,
4/27/2022,REAL CDN SUPERSTORE #1,REAL CDN SUPERSTORE #1,32.84,debit,Groceries,TD CASH BACK VISA* CARD,,
4/27/2022,T&T SUPERMARKET #001,T&T SUPERMARKET #001,31.39,debit,Groceries,TD CASH BACK VISA* CARD,,
4/27/2022,BAKEHOUSE METROTOWN,BAKEHOUSE METROTOWN,14.68,debit,Restaurants,TD CASH BACK VISA* CARD,,
4/26/2022,REAL CDN SUPERSTORE #1,REAL CDN SUPERSTORE #1,25.68,debit,Groceries,TD CASH BACK VISA* CARD,,
4/26/2022,T&T SUPERMARKET #001,T&T SUPERMARKET #001,19.06,debit,Groceries,TD CASH BACK VISA* CARD,,
4/22/2022,PAYMENT - THANK YOU,PAYMENT - THANK YOU,564.41,credit,Credit Card Payment,TD CASH BACK VISA* CARD,,
4/22/2022,JW264 TFR-TO C/C,JW264 TFR-TO C/C,564.41,debit,Credit Card Payment,TD UNLIMITED CHEQUING ACCOUNT,,
4/21/2022,REAL CDN SUPERSTORE #1,REAL CDN SUPERSTORE #1,25.68,debit,Groceries,TD CASH BACK VISA* CARD,,
4/21/2022,T&T SUPERMARKET #001,T&T SUPERMARKET #001,20.98,debit,Groceries,TD CASH BACK VISA* CARD,,
4/21/2022,BK #14160,BK #14160,13.05,debit,Fast Food,TD CASH BACK VISA* CARD,,
4/20/2022,INTEREST CHARGE - CASH,INTEREST CHARGE - CASH,0.03,debit,Finance Charge,TD CASH BACK VISA* CARD,,
4/19/2022,REVENUE SERVICES BC,REVENUE SERVICES BC,75,debit,Health Insurance,TD CASH BACK VISA* CARD,,
4/19/2022,REAL CDN SUPERSTORE #1,REAL CDN SUPERSTORE #1,28.05,debit,Groceries,TD CASH BACK VISA* CARD,,
4/19/2022,T&T SUPERMARKET #001,T&T SUPERMARKET #001,8.1,debit,Groceries,TD CASH BACK VISA* CARD,,
4/19/2022,CASH ADVANCE FEE,CASH ADVANCE FEE,3.5,debit,Service Fee,TD CASH BACK VISA* CARD,,
4/17/2022,PLAYNOW.COM 8777066789,PLAYNOW.COM 8777066789,10,debit,Entertainment,TD CASH BACK VISA* CARD,,
4/16/2021,Douglas,Douglas,8210.7,debit,Education,Cash,,
4/14/2022,T&T SUPERMARKET #001,T&T SUPERMARKET #001,31.7,debit,Groceries,TD CASH BACK VISA* CARD,,
4/14/2022,REAL CDN SUPERSTORE #1,REAL CDN SUPERSTORE #1,13.28,debit,Groceries,TD CASH BACK VISA* CARD,,
4/12/2022,Restaurant,Restaurant,12.95,debit,Restaurants,Cash,,
4/11/2022,T&T SUPERMARKET #001,T&T SUPERMARKET #001,29.48,debit,Groceries,TD CASH BACK VISA* CARD,,
4/11/2022,REAL CDN SUPERSTORE #1,REAL CDN SUPERSTORE #1,23,debit,Groceries,TD CASH BACK VISA* CARD,,
4/07/2022,Real Canadian Superstore,REAL CDN SUPERSTORE #1,25.76,debit,Groceries,TD CASH BACK VISA* CARD,,
4/07/2022,T&T SUPERMARKET #001,T&T SUPERMARKET #001,19.94,debit,Groceries,TD CASH BACK VISA* CARD,,
4/05/2022,REAL CDN SUPERSTORE #1,REAL CDN SUPERSTORE #1,34.07,debit,Groceries,TD CASH BACK VISA* CARD,,
4/05/2022,T&T SUPERMARKET #001,T&T SUPERMARKET #001,13.34,debit,Groceries,TD CASH BACK VISA* CARD,,
4/04/2022,TELUS PRE-AUTH PAYMENT,TELUS PRE-AUTH PAYMENT,99.93,debit,Internet,TD CASH BACK VISA* CARD,,
4/04/2022,FIDO Mobile ******3898,FIDO Mobile ******3898,44.8,debit,Mobile Phone,TD CASH BACK VISA* CARD,,
4/04/2022,B.C. HYDRO-PAP BPY,B.C. HYDRO-PAP BPY,27.77,debit,Utilities,TD UNLIMITED CHEQUING ACCOUNT,,
4/02/2022,Douglas,Douglas,9504.52,debit,Education,Cash,,
4/01/2022,Rent,Rent,1850,debit,Mortgage & Rent,Cash,,
3/31/2022,REAL CDN SUPERSTORE #1,REAL CDN SUPERSTORE #1,22.69,debit,Groceries,TD CASH BACK VISA* CARD,,
3/31/2022,ACCT FEE REBATE,ACCT FEE REBATE,16.95,credit,Fees & Charges,TD UNLIMITED CHEQUING ACCOUNT,,
3/31/2022,MONTHLY ACCOUNT FEE,MONTHLY ACCOUNT FEE,16.95,debit,Bank Fee,TD UNLIMITED CHEQUING ACCOUNT,,
3/31/2022,T&T SUPERMARKET #001,T&T SUPERMARKET #001,10.51,debit,Groceries,TD CASH BACK VISA* CARD,,
3/31/2022,PTS TO: 00916923283,PTS TO: 00916923283,10,debit,Transfer,TD UNLIMITED CHEQUING ACCOUNT,,
3/31/2022,Pts Frm,PTS FRM: 00916918662,10,credit,Transfer,TD EVERY DAY SAVINGS ACCOUNT,,
3/31/2022,WAL-MART SUPERCENTER#1213,WAL-MART SUPERCENTER#1213,7.32,debit,Shopping,TD CASH BACK VISA* CARD,,
3/31/2022,INTEREST CREDIT,INTEREST CREDIT,0.02,credit,Interest Income,TD EVERY DAY SAVINGS ACCOUNT,,
3/29/2022,REAL CDN SUPERSTORE #1,REAL CDN SUPERSTORE #1,28.47,debit,Groceries,TD CASH BACK VISA* CARD,,
3/29/2022,T&T SUPERMARKET #001,T&T SUPERMARKET #001,8.74,debit,Groceries,TD CASH BACK VISA* CARD,,
3/26/2022,MOON SUSHI JAPANESE,MOON SUSHI JAPANESE,11.41,debit,Restaurants,TD CASH BACK VISA* CARD,,
3/24/2022,PAYMENT - THANK YOU,PAYMENT - THANK YOU,667.49,credit,Credit Card Payment,TD CASH BACK VISA* CARD,,
3/24/2022,IY175 TFR-TO C/C,IY175 TFR-TO C/C,667.49,debit,Credit Card Payment,TD UNLIMITED CHEQUING ACCOUNT,,
3/24/2022,T&T SUPERMARKET #001,T&T SUPERMARKET #001,22.63,debit,Groceries,TD CASH BACK VISA* CARD,,
3/24/2022,REAL CDN SUPERSTORE #1,REAL CDN SUPERSTORE #1,16.95,debit,Groceries,TD CASH BACK VISA* CARD,,
3/23/2022,REWARDS REDEMPTION,REWARDS REDEMPTION,30,credit,Credit Card Payment,TD CASH BACK VISA* CARD,,
3/22/2022,REAL CDN SUPERSTORE #1,REAL CDN SUPERSTORE #1,22.96,debit,Groceries,TD CASH BACK VISA* CARD,,
3/21/2022,BOURBON ST GRILL,BOURBON ST GRILL,14.49,debit,Restaurants,TD CASH BACK VISA* CARD,,
3/21/2022,T&T SUPERMARKET #001,T&T SUPERMARKET #001,7.9,debit,Groceries,TD CASH BACK VISA* CARD,,
3/21/2022,REAL CDN SUPERSTORE #1,REAL CDN SUPERSTORE #1,7.34,debit,Groceries,TD CASH BACK VISA* CARD,,
3/21/2022,WAL-MART SUPERCENTER#1213,WAL-MART SUPERCENTER#1213,7.32,debit,Shopping,TD CASH BACK VISA* CARD,,
3/19/2022,DANNY HAIR SALON,DANNY HAIR SALON,18.75,debit,Hair,TD CASH BACK VISA* CARD,,
3/18/2022,PAYPAL *FIRSTRUNTHE,PAYPAL *FIRSTRUNTHE,30.4,debit,Shopping,TD CASH BACK VISA* CARD,,
3/17/2022,REAL CDN SUPERSTORE #1,REAL CDN SUPERSTORE #1,22.17,debit,Groceries,TD CASH BACK VISA* CARD,,
3/17/2022,T&T SUPERMARKET #001,T&T SUPERMARKET #001,16.37,debit,Groceries,TD CASH BACK VISA* CARD,,
3/15/2022,REVENUE SERVICES BC,REVENUE SERVICES BC,75,debit,Health Insurance,TD CASH BACK VISA* CARD,,
3/15/2022,REAL CDN SUPERSTORE #1,REAL CDN SUPERSTORE #1,30.01,debit,Groceries,TD CASH BACK VISA* CARD,,
3/14/2022,CHARTWELLS-67851,CHARTWELLS-67851,9.44,debit,Fast Food,TD CASH BACK VISA* CARD,,
3/14/2022,T&T SUPERMARKET #001,T&T SUPERMARKET #001,6.66,debit,Groceries,TD CASH BACK VISA* CARD,,
3/14/2022,REAL CDN SUPERSTORE #1,REAL CDN SUPERSTORE #1,4.94,debit,Groceries,TD CASH BACK VISA* CARD,,
3/12/2022,T&T SUPERMARKET #001,T&T SUPERMARKET #001,6.02,debit,Groceries,TD CASH BACK VISA* CARD,,
3/12/2022,REAL CDN SUPERSTORE #1,REAL CDN SUPERSTORE #1,3.79,debit,Groceries,TD CASH BACK VISA* CARD,,
3/10/2022,REAL CDN SUPERSTORE #1,REAL CDN SUPERSTORE #1,17.74,debit,Groceries,TD CASH BACK VISA* CARD,,
3/10/2022,T & T Supermarket,T&T SUPERMARKET #001,13.61,debit,Groceries,TD CASH BACK VISA* CARD,,
3/08/2022,REAL CDN SUPERSTORE #1,REAL CDN SUPERSTORE #1,29.94,debit,Groceries,TD CASH BACK VISA* CARD,,
3/07/2022,TELUS PRE-AUTH PAYMENT,TELUS PRE-AUTH PAYMENT,99.93,debit,Internet,TD CASH BACK VISA* CARD,,
3/07/2022,FIDO Mobile *910653898,FIDO Mobile *910653898,44.8,debit,Mobile Phone,TD CASH BACK VISA* CARD,,
3/07/2022,REAL CDN SUPERSTORE #1,REAL CDN SUPERSTORE #1,22.86,debit,Groceries,TD CASH BACK VISA* CARD,,
3/07/2022,KFC METROPOLIS,KFC METROPOLIS,9.94,debit,Fast Food,TD CASH BACK VISA* CARD,,
3/03/2022,Real Canadian Superstore,REAL CDN SUPERSTORE #1,21.2,debit,Groceries,TD CASH BACK VISA* CARD,,
3/03/2022,T & T Supermarket,T&T SUPERMARKET #001,10.49,debit,Groceries,TD CASH BACK VISA* CARD,,
3/01/2022,Rent,Rent,1850,debit,Mortgage & Rent,Cash,,
3/01/2022,REAL CDN SUPERSTORE #1,REAL CDN SUPERSTORE #1,31.59,debit,Groceries,TD CASH BACK VISA* CARD,,
3/01/2022,T&T SUPERMARKET #001,T&T SUPERMARKET #001,14.68,debit,Groceries,TD CASH BACK VISA* CARD,,
3/01/2022,PTS TO: 00916923283,PTS TO: 00916923283,10,debit,Transfer,TD UNLIMITED CHEQUING ACCOUNT,,
3/01/2022,Pts Frm,PTS FRM: 00916918662,10,credit,Transfer,TD EVERY DAY SAVINGS ACCOUNT,,
2/28/2022,ACCT FEE REBATE,ACCT FEE REBATE,16.95,credit,Fees & Charges,TD UNLIMITED CHEQUING ACCOUNT,,
2/28/2022,MONTHLY ACCOUNT FEE,MONTHLY ACCOUNT FEE,16.95,debit,Bank Fee,TD UNLIMITED CHEQUING ACCOUNT,,
2/28/2022,REAL CDN SUPERSTORE #1,REAL CDN SUPERSTORE #1,12.37,debit,Groceries,TD CASH BACK VISA* CARD,,
2/28/2022,T&T SUPERMARKET #001,T&T SUPERMARKET #001,11.48,debit,Groceries,TD CASH BACK VISA* CARD,,
2/28/2022,CHARTWELLS-67851,CHARTWELLS-67851,9.44,debit,Fast Food,TD CASH BACK VISA* CARD,,
2/28/2022,BONUS INTEREST,BONUS INTEREST,0.38,credit,Interest Income,TD EVERY DAY SAVINGS ACCOUNT,,
2/28/2022,INTEREST CREDIT,INTEREST CREDIT,0.02,credit,Interest Income,TD EVERY DAY SAVINGS ACCOUNT,,
2/24/2022,Olive Tree Royal Kitchen,Olive Tree Royal Kitchen,12.95,debit,Restaurants,TD CASH BACK VISA* CARD,,
2/23/2022,REAL CDN SUPERSTORE #1,REAL CDN SUPERSTORE #1,41.62,debit,Groceries,TD CASH BACK VISA* CARD,,
2/23/2022,BK #14160,BK #14160,9.19,debit,Fast Food,TD CASH BACK VISA* CARD,,
2/22/2022,PAYMENT - THANK YOU,PAYMENT - THANK YOU,726.29,credit,Credit Card Payment,TD CASH BACK VISA* CARD,,
2/22/2022,LJ333 TFR-TO C/C,LJ333 TFR-TO C/C,726.29,debit,Credit Card Payment,TD UNLIMITED CHEQUING ACCOUNT,,
2/20/2022,REAL CDN SUPERSTORE #1,REAL CDN SUPERSTORE #1,19.09,debit,Groceries,TD CASH BACK VISA* CARD,,
2/18/2022,BEST BUY #973,BEST BUY #973,27.99,debit,Electronics & Software,TD CASH BACK VISA* CARD,,
2/18/2022,REAL CDN SUPERSTORE #1,REAL CDN SUPERSTORE #1,9.76,debit,Groceries,TD CASH BACK VISA* CARD,,
2/17/2022,REAL CDN SUPERSTORE #1,REAL CDN SUPERSTORE #1,22.02,debit,Groceries,TD CASH BACK VISA* CARD,,
2/17/2022,T&T SUPERMARKET #001,T&T SUPERMARKET #001,12.13,debit,Groceries,TD CASH BACK VISA* CARD,,
2/16/2022,REVENUE SERVICES BC,REVENUE SERVICES BC,75,debit,Health Insurance,TD CASH BACK VISA* CARD,,
2/15/2022,REAL CDN SUPERSTORE #1,REAL CDN SUPERSTORE #1,35.09,debit,Groceries,TD CASH BACK VISA* CARD,,
2/14/2022,REAL CDN SUPERSTORE #1,REAL CDN SUPERSTORE #1,16.11,debit,Groceries,TD CASH BACK VISA* CARD,,
2/14/2022,KFC METROPOLIS,KFC METROPOLIS,9.94,debit,Fast Food,TD CASH BACK VISA* CARD,,
2/11/2022,Real Canadian Superstore,REAL CDN SUPERSTORE #1,8.12,debit,Groceries,TD CASH BACK VISA* CARD,,
2/10/2022,T & T Supermarket,T&T SUPERMARKET #001,15.95,debit,Groceries,TD CASH BACK VISA* CARD,,
2/10/2022,Real Canadian Superstore,REAL CDN SUPERSTORE #1,6.34,debit,Groceries,TD CASH BACK VISA* CARD,,
2/08/2022,Real Canadian Superstore,REAL CDN SUPERSTORE #1,15.96,debit,Groceries,TD CASH BACK VISA* CARD,,
2/07/2022,CHARTWELLS-67851,CHARTWELLS-67851,8.39,debit,Fast Food,TD CASH BACK VISA* CARD,,
2/05/2022,TELUS PRE-AUTH PAYMENT,TELUS PRE-AUTH PAYMENT,99.93,debit,Mobile Phone,TD CASH BACK VISA* CARD,,
2/05/2022,DANNY HAIR SALON,DANNY HAIR SALON,34.65,debit,Hair,TD CASH BACK VISA* CARD,,
2/05/2022,Kingspark,Kingspark,12.25,debit,Restaurants,Cash,,
2/05/2022,Real Canadian Superstore,REAL CDN SUPERSTORE #1,7.89,debit,Groceries,TD CASH BACK VISA* CARD,,
2/04/2022,Geeksquad,Geeksquad,123.24,debit,Electronics & Software,Cash,,
2/04/2022,Fido,FIDO Mobile *910653898,44.8,debit,Mobile Phone,TD CASH BACK VISA* CARD,,
2/03/2022,Geeksquad,Geeksquad,32.19,debit,Electronics & Software,Cash,,
2/03/2022,T & T Supermarket,T&T SUPERMARKET #001,25.9,debit,Groceries,TD CASH BACK VISA* CARD,,
2/03/2022,Real Canadian Superstore,REAL CDN SUPERSTORE #1,20,debit,Groceries,TD CASH BACK VISA* CARD,,
2/01/2022,Rent,Rent,1850,debit,Mortgage & Rent,Cash,,
2/01/2022,B.C. HYDRO-PAP BPY,B.C. HYDRO-PAP BPY,59.8,debit,Utilities,TD UNLIMITED CHEQUING ACCOUNT,,
2/01/2022,Real Canadian Superstore,REAL CDN SUPERSTORE #1,10.2,debit,Groceries,TD CASH BACK VISA* CARD,,
12/31/2021,ACCT FEE REBATE,ACCT FEE REBATE,16.95,credit,Fees & Charges,TD UNLIMITED CHEQUING ACCOUNT,,
12/31/2021,MONTHLY ACCOUNT FEE,MONTHLY ACCOUNT FEE,16.95,debit,Bank Fee,TD UNLIMITED CHEQUING ACCOUNT,,
12/31/2021,PTS TO: 00916923283,PTS TO: 00916923283,10,debit,Transfer,TD UNLIMITED CHEQUING ACCOUNT,,
12/31/2021,Pts Frm,PTS FRM: 00916918662,10,credit,Transfer,TD EVERY DAY SAVINGS ACCOUNT,,
12/31/2021,BONUS INTEREST,BONUS INTEREST,0.49,credit,Interest Income,TD EVERY DAY SAVINGS ACCOUNT,,
12/31/2021,INTEREST CREDIT,INTEREST CREDIT,0.02,credit,Interest Income,TD EVERY DAY SAVINGS ACCOUNT,,
12/30/2022,MONTHLY ACCOUNT FEE,MONTHLY ACCOUNT FEE,16.95,debit,Bank Fee,TD UNLIMITED CHEQUING ACCOUNT,,
12/30/2022,ACCT BAL REBATE,ACCT BAL REBATE,16.95,credit,Income,TD UNLIMITED CHEQUING ACCOUNT,,
12/30/2022,PTS TO: 00916923283,PTS TO: 00916923283,10,debit,Transfer,TD UNLIMITED CHEQUING ACCOUNT,,
12/30/2022,Pts Frm,PTS FRM: 00916918662,10,credit,Transfer,TD EVERY DAY SAVINGS ACCOUNT,,
12/30/2022,INTEREST CREDIT,INTEREST CREDIT,0.02,credit,Interest Income,TD EVERY DAY SAVINGS ACCOUNT,,
12/30/2021,Computer,Computer,75,debit,Electronics & Software,Cash,,
12/30/2021,DRIVER SERV.CENTRE #92269,DRIVER SERV.CENTRE #92269,15,debit,Auto & Transport,TD CASH BACK VISA* CARD,,
12/30/2021,Real Canadian Superstore,REAL CDN SUPERSTORE #1,13.37,debit,Groceries,TD CASH BACK VISA* CARD,,
12/30/2021,DRIVER SERV.CENTRE #92269,DRIVER SERV.CENTRE #92269,10,debit,Auto & Transport,TD CASH BACK VISA* CARD,,
12/29/2022,Price Smart,Price Smart,50.81,debit,Groceries,Cash,,
12/29/2021,Haircut,Haircut,18,debit,Hair,Cash,,
12/29/2021,Doordash,Doordash,16.47,debit,Restaurants,Cash,,
12/29/2021,KASUGA SUSHI & _F,KASUGA SUSHI & _F,12.5,debit,Restaurants,TD UNLIMITED CHEQUING ACCOUNT,,
12/29/2021,Real Canadian Superstore,REAL CDN SUPERSTORE #1,12.05,debit,Groceries,TD CASH BACK VISA* CARD,,
12/28/2022,Learning Car,Learning Car,150,debit,Auto & Transport,Cash,,
12/28/2022,NO. 1 BEEF NOOD _F,NO. 1 BEEF NOOD _F,54.33,debit,Restaurants,TD UNLIMITED CHEQUING ACCOUNT,,
12/28/2022,DRIVER SERVICES CENTRE,DRIVER SERVICES CENTRE,35,debit,Auto & Transport,TD CASH BACK VISA* CARD,,
12/28/2022,REAL CDN SUPERSTORE #1,REAL CDN SUPERSTORE #1,22.33,debit,Groceries,TD CASH BACK VISA* CARD,,
12/28/2022,MOBILE DEPOSIT,MOBILE DEPOSIT,15.64,credit,Transfer,TD UNLIMITED CHEQUING ACCOUNT,,
12/28/2022,T&T SUPERMARKET #001,T&T SUPERMARKET #001,12.68,debit,Groceries,TD CASH BACK VISA* CARD,,
12/28/2022,NO.1 FINE FOODS _F,NO.1 FINE FOODS _F,2.99,debit,Groceries,TD UNLIMITED CHEQUING ACCOUNT,,
12/28/2021,Lenovo,Lenovo,85.8,debit,Electronics & Software,Cash,,
12/27/2022,Learning Car,Learning Car,100,debit,Auto & Transport,Cash,,
12/26/2022,Restaurant,Restaurant,11.08,debit,Restaurants,Cash,,
12/25/2022,Learning Car,Learning Car,100,debit,Auto & Transport,Cash,,
12/24/2021,Real Canadian Superstore,REAL CDN SUPERSTORE #1,37.22,debit,Groceries,TD CASH BACK VISA* CARD,,
12/24/2021,T & T Supermarket,T&T SUPERMARKET #023 O,22.8,debit,Groceries,TD CASH BACK VISA* CARD,,
12/23/2021,COCO FRESH TEA & JUICE,COCO FRESH TEA & JUICE,6.09,debit,Coffee Shops,TD CASH BACK VISA* CARD,,
12/22/2022,Learning Car,Learning Car,100,debit,Auto & Transport,Cash,,
12/22/2022,T & T Supermarket,T & T Supermarket,44.3,debit,Groceries,Cash,,
12/22/2021,PAYMENT - THANK YOU,PAYMENT - THANK YOU,323.71,credit,Credit Card Payment,TD CASH BACK VISA* CARD,,
12/22/2021,HI521 TFR-TO C/C,HI521 TFR-TO C/C,323.71,debit,Credit Card Payment,TD UNLIMITED CHEQUING ACCOUNT,,
12/22/2021,Real Canadian Superstore,REAL CDN SUPERSTORE #1,54.46,debit,Groceries,TD CASH BACK VISA* CARD,,
12/22/2021,Doordash,Doordash,15.37,debit,Restaurants,Cash,,
12/21/2022,PAYMENT - THANK YOU,PAYMENT - THANK YOU,610.6,credit,Credit Card Payment,TD CASH BACK VISA* CARD,,
12/21/2022,WB503 TFR-TO C/C,WB503 TFR-TO C/C,610.6,debit,Credit Card Payment,TD UNLIMITED CHEQUING ACCOUNT,,
12/21/2021,REVENUE SERVICES BC,REVENUE SERVICES BC,75,debit,Health Insurance,TD CASH BACK VISA* CARD,,
12/21/2021,Real Canadian Superstore,REAL CDN SUPERSTORE #1,8.76,debit,Groceries,TD CASH BACK VISA* CARD,,
12/20/2021,Kingspark,Kingspark,11.75,debit,Restaurants,Cash,,
12/20/2021,Dollarama,DOLLARAMA #1010,7.1,debit,Shopping,TD CASH BACK VISA* CARD,,
12/20/2021,Real Canadian Superstore,REAL CDN SUPERSTORE #1,4.49,debit,Groceries,TD CASH BACK VISA* CARD,,
12/19/2022,TD ATM W/D 000484,TD ATM W/D 000484,200,debit,Transfer for Cash Spending,TD UNLIMITED CHEQUING ACCOUNT,,
12/19/2022,Icbc,Icbc,160.82,debit,Auto Insurance,Cash,,
12/19/2022,Learning Car,Learning Car,100,debit,Auto & Transport,Cash,,
12/19/2022,REAL CDN SUPERSTORE #1,REAL CDN SUPERSTORE #1,17.01,debit,Groceries,TD CASH BACK VISA* CARD,,
12/18/2022,DVC Gun Range,DVC Gun Range,94.6,debit,Entertainment,Cash,,
12/18/2021,Chocolatier,Chocolatier,46.2,debit,Shopping,Cash,,
12/17/2022,PASARGAD RESTAURANT,PASARGAD RESTAURANT,26.55,debit,Restaurants,TD CASH BACK VISA* CARD,,
12/17/2022,CHV43069 INLET ON THE,CHV43069 INLET ON THE,20,debit,Gas & Fuel,TD CASH BACK VISA* CARD,,
12/17/2022,Uber,Uber,16.74,debit,Auto & Transport,Cash,,
12/17/2021,Real Canadian Superstore,REAL CDN SUPERSTORE #1,32.23,debit,Groceries,TD CASH BACK VISA* CARD,,
12/17/2021,Real Canadian Superstore,REAL CDN SUPERSTORE #1,29.06,debit,Groceries,TD CASH BACK VISA* CARD,,
12/17/2021,DOORDASH*MILK & SUGAR,DOORDASH*MILK & SUGAR,14.53,debit,Restaurants,Cash,,
12/17/2021,T & T Supermarket,T&T SUPERMARKET #001,7.92,debit,Groceries,TD CASH BACK VISA* CARD,,
12/16/2022,CHIRPYHUT FRIED CHICKEN-,CHIRPYHUT FRIED CHICKEN-,28.95,debit,Restaurants,TD CASH BACK VISA* CARD,,
12/16/2022,CHEF TONY DIM SUM,CHEF TONY DIM SUM,13.64,debit,Restaurants,TD CASH BACK VISA* CARD,,
12/16/2021,Doordash,Doordash,14.88,debit,Restaurants,Cash,,
12/15/2022,IELTS,IELTS,330.75,debit,Education,Cash,,
12/15/2022,Learning Car,Learning Car,100,debit,Auto & Transport,Cash,,
12/15/2022,REVENUE SERVICES BC,REVENUE SERVICES BC,75,debit,Health Insurance,TD CASH BACK VISA* CARD,,
12/15/2022,T&T SUPERMARKET #001,T&T SUPERMARKET #001,27.42,debit,Groceries,TD CASH BACK VISA* CARD,,
12/15/2022,REAL CDN SUPERSTORE #1,REAL CDN SUPERSTORE #1,18.62,debit,Groceries,TD CASH BACK VISA* CARD,,
12/15/2021,Walmart,Walmart,62.46,debit,Home,Cash,,
12/15/2021,Muji,Muji,46.96,debit,Clothing,Cash,,
12/15/2021,UNIQLO METROTOW _F,UNIQLO METROTOW _F,17.7,debit,Clothing,Cash,,
12/15/2021,Real Canadian Superstore,REAL CDN SUPERSTORE #1,14.49,debit,Groceries,TD CASH BACK VISA* CARD,,
12/15/2021,Doordash,Doordash,14.27,debit,Restaurants,Cash,,
12/15/2021,Dollarama,DOLLARAMA #1010,3.36,debit,Shopping,TD CASH BACK VISA* CARD,,
12/15/2021,Buck Or Two,BUCK OR TWO PLUS METROTOW,1.96,debit,Shopping,TD CASH BACK VISA* CARD,,
12/14/2022,BUBBLE WAFFLE CAFE METROT,BUBBLE WAFFLE CAFE METROT,14.65,debit,Restaurants,TD CASH BACK VISA* CARD,,
12/14/2022,Buy Car Bank Draft Fee,Hsbc,7.5,debit,Auto & Transport,Cash,,
12/14/2021,Doordash,Doordash,14.67,debit,Restaurants,Cash,,
12/13/2022,T&T SUPERMARKET #001,T&T SUPERMARKET #001,23.89,debit,Groceries,TD CASH BACK VISA* CARD,,
12/13/2022,REAL CDN SUPERSTORE #1,REAL CDN SUPERSTORE #1,13.47,debit,Groceries,TD CASH BACK VISA* CARD,,
12/13/2022,KFC METROPOLIS,KFC METROPOLIS,5.76,debit,Fast Food,TD CASH BACK VISA* CARD,,
12/13/2021,Doordash,Doordash,14.69,debit,Restaurants,Cash,,
12/12/2021,Doordash,Doordash,16.21,debit,Restaurants,Cash,,
12/11/2022,FIDO Mobile ******5180,FIDO Mobile ******5180,28,debit,Mobile Phone,TD CASH BACK VISA* CARD,,
12/11/2021,Doordash,Doordash,15.37,debit,Restaurants,Cash,,
12/11/2021,Real Canadian Superstore,REAL CDN SUPERSTORE #1,11.64,debit,Groceries,TD CASH BACK VISA* CARD,,
12/10/2021,Doordash,Doordash,14.66,debit,Restaurants,Cash,,
12/10/2021,Olive Tree Royal Kitchen,Olive Tree Royal Kitchen,12.6,debit,Restaurants,TD CASH BACK VISA* CARD,,
12/09/2021,Td Welcome Msp,TD Welcome MSP,300,credit,Income,TD UNLIMITED CHEQUING ACCOUNT,,
12/09/2021,Real Canadian Superstore,REAL CDN SUPERSTORE #1,21.74,debit,Groceries,TD CASH BACK VISA* CARD,,
12/09/2021,DOORDASH*MILK & SUGAR,DOORDASH*MILK & SUGAR,14.53,debit,Restaurants,Cash,,
12/08/2022,DEER LAKE WONTO _F,DEER LAKE WONTO _F,50.66,debit,Coffee Shops,TD UNLIMITED CHEQUING ACCOUNT,,
12/08/2022,T&T SUPERMARKET #001,T&T SUPERMARKET #001,24.8,debit,Groceries,TD CASH BACK VISA* CARD,,
12/08/2022,REAL CDN SUPERSTORE #1,REAL CDN SUPERSTORE #1,12.18,debit,Groceries,TD CASH BACK VISA* CARD,,
12/08/2021,Doordash,Doordash,14.27,debit,Restaurants,Cash,,
12/08/2021,Doordash pass,Doordash pass,9.99,debit,Restaurants,Cash,,
12/07/2021,Doordash,Doordash,14.88,debit,Restaurants,Cash,,
12/07/2021,Real Canadian Superstore,REAL CDN SUPERSTORE #1,13.21,debit,Groceries,TD CASH BACK VISA* CARD,,
12/07/2021,Chieftony,Chieftony,11.54,debit,Restaurants,Cash,,
12/06/2022,Telus Comm BPY,Telus Comm BPY,99.93,debit,Mobile Phone,TD UNLIMITED CHEQUING ACCOUNT,,
12/06/2022,REAL CDN SUPERSTORE #1,REAL CDN SUPERSTORE #1,19.75,debit,Groceries,TD CASH BACK VISA* CARD,,
12/06/2022,T&T SUPERMARKET #001,T&T SUPERMARKET #001,11.71,debit,Groceries,TD CASH BACK VISA* CARD,,
12/06/2021,Telus Comm BPY,Telus Comm BPY,99.93,debit,Mobile Phone,TD UNLIMITED CHEQUING ACCOUNT,,
12/06/2021,DOORDASH*MEETRI _V,DOORDASH*MEETRI _V,17.53,debit,Restaurants,Cash,,
12/05/2021,Fido,FIDO Mobile *910653898,44.8,debit,Mobile Phone,TD CASH BACK VISA* CARD,,
12/05/2021,Bake house,Bake house,16.78,debit,Restaurants,Cash,,
12/05/2021,Doordash,Doordash,14.27,debit,Restaurants,Cash,,
12/05/2021,Real Canadian Superstore,REAL CDN SUPERSTORE #1,8.34,debit,Groceries,TD CASH BACK VISA* CARD,,
12/04/2021,Doordash,Doordash,15.1,debit,Restaurants,Cash,,
12/03/2021,Geeksquad,Geeksquad,32.19,debit,Electronics & Software,Cash,,
12/03/2021,Doordash,Doordash,15.37,debit,Restaurants,Cash,,
12/02/2021,Doordash,Doordash,17.01,debit,Restaurants,Cash,,
12/02/2021,Real Canadian Superstore,REAL CDN SUPERSTORE #1,3.27,debit,Groceries,TD CASH BACK VISA* CARD,,
12/01/2022,Douglas,Douglas,5936.29,debit,Education,Cash,,
12/01/2022,Rent,Rent,1877.75,debit,Mortgage & Rent,Cash,,
12/01/2022,T&T SUPERMARKET #001,T&T SUPERMARKET #001,36.37,debit,Groceries,TD CASH BACK VISA* CARD,,
12/01/2022,KFC METROPOLIS,KFC METROPOLIS,12.59,debit,Fast Food,TD CASH BACK VISA* CARD,,
12/01/2022,REAL CDN SUPERSTORE #1,REAL CDN SUPERSTORE #1,11.62,debit,Groceries,TD CASH BACK VISA* CARD,,
12/01/2022,PTS TO: 00916923283,PTS TO: 00916923283,10,debit,Transfer,TD UNLIMITED CHEQUING ACCOUNT,,
12/01/2022,Pts Frm,PTS FRM: 00916918662,10,credit,Transfer,TD EVERY DAY SAVINGS ACCOUNT,,
12/01/2021,Douglas,Douglas,7765.12,debit,Education,Cash,,
12/01/2021,Rent,Rent,1850,debit,Mortgage & Rent,Cash,,
12/01/2021,B.C. HYDRO-PAP BPY,B.C. HYDRO-PAP BPY,45.79,debit,Utilities,TD UNLIMITED CHEQUING ACCOUNT,,
12/01/2021,DOORDASH*MILK & SUGAR,DOORDASH*MILK & SUGAR,14.53,debit,Restaurants,Cash,,
12/01/2021,PTS TO: 00916923283,PTS TO: 00916923283,10,debit,Transfer,TD UNLIMITED CHEQUING ACCOUNT,,
12/01/2021,Pts Frm,PTS FRM: 00916918662,10,credit,Transfer,TD EVERY DAY SAVINGS ACCOUNT,,
11/30/2022,B.C. HYDRO-PAP BPY,B.C. HYDRO-PAP BPY,45.95,debit,Utilities,TD UNLIMITED CHEQUING ACCOUNT,,
11/30/2022,MONTHLY ACCOUNT FEE,MONTHLY ACCOUNT FEE,16.95,debit,Bank Fee,TD UNLIMITED CHEQUING ACCOUNT,,
11/30/2022,ACCT BAL REBATE,ACCT BAL REBATE,16.95,credit,Fees & Charges,TD UNLIMITED CHEQUING ACCOUNT,,
11/30/2022,INTEREST CREDIT,INTEREST CREDIT,0.02,credit,Interest Income,TD EVERY DAY SAVINGS ACCOUNT,,
11/30/2021,ACCT FEE REBATE,ACCT FEE REBATE,16.95,credit,Fees & Charges,TD UNLIMITED CHEQUING ACCOUNT,,
11/30/2021,MONTHLY ACCOUNT FEE,MONTHLY ACCOUNT FEE,16.95,debit,Bank Fee,TD UNLIMITED CHEQUING ACCOUNT,,
11/30/2021,Vina,Vina,12.5,debit,Restaurants,Cash,,
11/30/2021,Restaurant,Restaurant,12.47,debit,Restaurants,Cash,,
11/30/2021,Real Canadian Superstore,REAL CDN SUPERSTORE #1,8.03,debit,Groceries,TD CASH BACK VISA* CARD,,
11/30/2021,BONUS INTEREST,BONUS INTEREST,0.47,credit,Interest Income,TD EVERY DAY SAVINGS ACCOUNT,,
11/30/2021,INTEREST CREDIT,INTEREST CREDIT,0.02,credit,Interest Income,TD EVERY DAY SAVINGS ACCOUNT,,
11/29/2022,T&T SUPERMARKET #001,T&T SUPERMARKET #001,16.08,debit,Groceries,TD CASH BACK VISA* CARD,,
11/29/2022,REAL CDN SUPERSTORE #1,REAL CDN SUPERSTORE #1,14.48,debit,Groceries,TD CASH BACK VISA* CARD,,
11/29/2021,Chieftony,Chieftony,11.54,debit,Restaurants,Cash,,
11/28/2021,Real Canadian Superstore,REAL CDN SUPERSTORE #1,22.4,debit,Groceries,TD CASH BACK VISA* CARD,,
11/28/2021,Price Smart,PRICESMART FOODS #2274,8.6,debit,Groceries,TD CASH BACK VISA* CARD,,
11/28/2021,T & T Supermarket,T&T SUPERMARKET #001,6.99,debit,Groceries,TD CASH BACK VISA* CARD,,
11/27/2022,Restaurant,Restaurant,47,debit,Restaurants,Cash,,
11/27/2021,Doordash,Doordash,15.78,debit,Restaurants,Cash,,
11/26/2021,Doordash,Doordash,15.1,debit,Restaurants,Cash,,
11/25/2022,FIDO Mobile ******5180,FIDO Mobile ******5180,29.99,debit,Mobile Phone,TD CASH BACK VISA* CARD,,
11/25/2021,Doordash,Doordash,14.27,debit,Restaurants,Cash,,
11/24/2022,Learning Car,Learning Car,100,debit,Auto & Transport,Cash,,
11/24/2022,REAL CDN SUPERSTORE #1,REAL CDN SUPERSTORE #1,32.8,debit,Groceries,TD CASH BACK VISA* CARD,,
11/24/2022,BAKEHOUSE METROTOWN,BAKEHOUSE METROTOWN,15.73,debit,Restaurants,TD CASH BACK VISA* CARD,,
11/24/2022,NANDO'S METROTOWN,NANDO'S METROTOWN,13.43,debit,Restaurants,TD CASH BACK VISA* CARD,,
11/24/2022,T&T SUPERMARKET #001,T&T SUPERMARKET #001,10.89,debit,Groceries,TD CASH BACK VISA* CARD,,
11/24/2021,Doordash,Doordash,14.27,debit,Restaurants,Cash,,
11/24/2021,Real Canadian Superstore,REAL CDN SUPERSTORE #1,4.7,debit,Groceries,TD CASH BACK VISA* CARD,,
11/23/2022,PAYMENT - THANK YOU,PAYMENT - THANK YOU,770.47,credit,Credit Card Payment,TD CASH BACK VISA* CARD,,
11/23/2022,WD195 TFR-TO C/C,WD195 TFR-TO C/C,770.47,debit,Credit Card Payment,TD UNLIMITED CHEQUING ACCOUNT,,
11/23/2021,Real Canadian Superstore,REAL CDN SUPERSTORE #1,28.1,debit,Groceries,TD CASH BACK VISA* CARD,,
11/23/2021,KFC,KFC,5.12,debit,Fast Food,Cash,,
11/23/2021,Doordash,Doordash,4.19,debit,Restaurants,Cash,,
11/22/2022,T&T SUPERMARKET #001,T&T SUPERMARKET #001,29.44,debit,Groceries,TD CASH BACK VISA* CARD,,
11/22/2022,REAL CDN SUPERSTORE #1,REAL CDN SUPERSTORE #1,22.79,debit,Groceries,TD CASH BACK VISA* CARD,,
11/22/2021,PAYMENT - THANK YOU,PAYMENT - THANK YOU,335.56,credit,Credit Card Payment,TD CASH BACK VISA* CARD,,
11/22/2021,UQ353 TFR-TO C/C,UQ353 TFR-TO C/C,335.56,debit,Credit Card Payment,TD UNLIMITED CHEQUING ACCOUNT,,
11/22/2021,UMI SUSHI EXPRESS (METROT,UMI SUSHI EXPRESS (METROT,12.08,debit,Restaurants,Cash,,
11/21/2021,Real Canadian Superstore,REAL CDN SUPERSTORE #1,27.32,debit,Groceries,TD CASH BACK VISA* CARD,,
11/21/2021,Doordash,Doordash,15.1,debit,Restaurants,Cash,,
11/20/2021,Doordash,Doordash,16.75,debit,Restaurants,Cash,,
11/19/2022,CHIPOTLE #2336,CHIPOTLE #2336,25.31,debit,Fast Food,TD CASH BACK VISA* CARD,,
11/19/2021,Haircut,Haircut,18,debit,Hair,Cash,,
11/19/2021,Doordash,Doordash,15.37,debit,Restaurants,Cash,,
11/19/2021,Wal-Mart,WAL-MART SUPERCENTER#1213,11.35,debit,Shopping,TD CASH BACK VISA* CARD,,
11/19/2021,Real Canadian Superstore,REAL CDN SUPERSTORE #1,1.6,debit,Groceries,TD CASH BACK VISA* CARD,,
11/18/2022,BEST BUY #973,BEST BUY #973,63.1,debit,Electronics & Software,TD CASH BACK VISA* CARD,,
11/18/2021,DOORDASH*MEETRI _V,DOORDASH*MEETRI _V,1.32,debit,Restaurants,Cash,,
11/17/2022,Learning Car,Learning Car,100,debit,Auto & Transport,Cash,,
11/17/2022,T&T SUPERMARKET #001,T&T SUPERMARKET #001,34.41,debit,Groceries,TD CASH BACK VISA* CARD,,
11/17/2022,#392 SPORT CHEK,#392 SPORT CHEK,28,debit,Clothing,TD CASH BACK VISA* CARD,,
11/17/2022,DANNY HAIR SALO _F,DANNY HAIR SALO _F,18.75,debit,Hair,TD UNLIMITED CHEQUING ACCOUNT,,
11/17/2022,Restaurant,Restaurant,14.75,debit,Restaurants,Cash,,
11/17/2022,REAL CDN SUPERSTORE #1,REAL CDN SUPERSTORE #1,13.2,debit,Groceries,TD CASH BACK VISA* CARD,,
11/17/2022,THINGS & THANKS,THINGS & THANKS,12.31,debit,Restaurants,TD CASH BACK VISA* CARD,,
11/17/2021,Doordash,Doordash,15.37,debit,Restaurants,Cash,,
11/16/2022,BUBBLE WAFFLE CAFE METROT,BUBBLE WAFFLE CAFE METROT,34.55,debit,Restaurants,TD CASH BACK VISA* CARD,,
11/16/2022,BEST BUY #973,BEST BUY #973,33.59,debit,Electronics & Software,TD CASH BACK VISA* CARD,,
11/16/2021,Real Canadian Superstore,REAL CDN SUPERSTORE #1,24.5,debit,Groceries,TD CASH BACK VISA* CARD,,
11/16/2021,DOORDASH*MILK & SUGAR,DOORDASH*MILK & SUGAR,14.53,debit,Restaurants,Cash,,
11/16/2021,Chieftony,Chieftony,11.54,debit,Restaurants,Cash,,
11/15/2022,REVENUE SERVICES BC,REVENUE SERVICES BC,75,debit,Health Insurance,TD CASH BACK VISA* CARD,,
11/15/2022,REAL CDN SUPERSTORE #1,REAL CDN SUPERSTORE #1,12.96,debit,Groceries,TD CASH BACK VISA* CARD,,
11/15/2021,Togo's,TOGO SUSHI,9.4,debit,Restaurants,TD CASH BACK VISA* CARD,,
11/14/2021,Doordash,Doordash,15.78,debit,Restaurants,Cash,,
11/13/2021,Glordano,Glordano,175,debit,Shopping,Cash,,
11/13/2021,UNIQLO METROTOW _F,UNIQLO METROTOW _F,50.29,debit,Clothing,Cash,,
11/13/2021,Real Canadian Superstore,REAL CDN SUPERSTORE #1,30.09,debit,Groceries,TD CASH BACK VISA* CARD,,
11/13/2021,DOORDASH*TIM HO _V,DOORDASH*TIM HO _V,14.35,debit,Restaurants,Cash,,
11/13/2021,Restaurant,Restaurant,13.6,debit,Restaurants,Cash,,
11/12/2021,Doordash,Doordash,15.32,debit,Restaurants,Cash,,
11/11/2021,Doordash,Doordash,14.66,debit,Restaurants,Cash,,
11/10/2022,Learning Car,Learning Car,100,debit,Auto & Transport,Cash,,
11/10/2022,T&T SUPERMARKET #001,T&T SUPERMARKET #001,16.51,debit,Groceries,TD CASH BACK VISA* CARD,,
11/10/2022,IPOH MALAYSIAN CUISINE,IPOH MALAYSIAN CUISINE,14,debit,Restaurants,TD CASH BACK VISA* CARD,,
11/10/2022,REAL CDN SUPERSTORE #1,REAL CDN SUPERSTORE #1,12.1,debit,Groceries,TD CASH BACK VISA* CARD,,
11/10/2021,Doordash,Doordash,14.67,debit,Restaurants,Cash,,
11/09/2022,REAL CDN SUPERSTORE #1,REAL CDN SUPERSTORE #1,14.54,debit,Groceries,TD CASH BACK VISA* CARD,,
11/09/2021,Real Canadian Superstore,REAL CDN SUPERSTORE #1,15.82,debit,Groceries,TD CASH BACK VISA* CARD,,
11/09/2021,Doordash,Doordash,14.27,debit,Restaurants,Cash,,
11/09/2021,KFC,KFC,9.93,debit,Fast Food,Cash,,
11/08/2022,REAL CDN SUPERSTORE #1,REAL CDN SUPERSTORE #1,11.94,debit,Groceries,TD CASH BACK VISA* CARD,,
11/08/2021,Chieftony,Chieftony,11.54,debit,Restaurants,Cash,,
11/07/2022,BK #14160,BK #14160,13.05,debit,Fast Food,TD CASH BACK VISA* CARD,,
11/07/2022,T&T SUPERMARKET #001,T&T SUPERMARKET #001,5.73,debit,Groceries,TD CASH BACK VISA* CARD,,
11/07/2021,DOORDASH*MCDONA _V,DOORDASH*MCDONA _V,14.58,debit,Restaurants,Cash,,
11/07/2021,Real Canadian Superstore,REAL CDN SUPERSTORE #1,8.52,debit,Groceries,TD CASH BACK VISA* CARD,,
11/06/2021,UNIQLO METROTOW _F,UNIQLO METROTOW _F,56,debit,Clothing,Cash,,
11/06/2021,Real Canadian Superstore,REAL CDN SUPERSTORE #1,21.61,debit,Groceries,TD CASH BACK VISA* CARD,,
11/06/2021,DOORDASH*POKEY _V,DOORDASH*POKEY _V,16.21,debit,Restaurants,Cash,,
11/05/2021,DOORDASH*MILK & SUGAR,DOORDASH*MILK & SUGAR,14.53,debit,Restaurants,Cash,,
11/05/2021,Oliver tree,Oliver tree,12.6,debit,Restaurants,Cash,,
11/05/2021,Real Canadian Superstore,REAL CDN SUPERSTORE #1,7.88,debit,Groceries,TD CASH BACK VISA* CARD,,
11/04/2022,Telus Comm BPY,Telus Comm BPY,99.93,debit,Mobile Phone,TD UNLIMITED CHEQUING ACCOUNT,,
11/04/2021,Fido,FIDO Mobile *910653898,36.68,debit,Mobile Phone,TD CASH BACK VISA* CARD,,
11/04/2021,Geeksquad,Geeksquad,32.19,debit,Electronics & Software,Cash,,
11/04/2021,CHARTWELLS-67851,CHARTWELLS-67851,13.42,debit,Fast Food,TD CASH BACK VISA* CARD,,
11/03/2022,T&T SUPERMARKET #001,T&T SUPERMARKET #001,22.65,debit,Groceries,TD CASH BACK VISA* CARD,,
11/03/2022,REAL CDN SUPERSTORE #1,REAL CDN SUPERSTORE #1,16.04,debit,Groceries,TD CASH BACK VISA* CARD,,
11/03/2022,BUBBLE WAFFLE CAFE METROT,BUBBLE WAFFLE CAFE METROT,14.65,debit,Restaurants,TD CASH BACK VISA* CARD,,
11/03/2022,Restaurant,Restaurant,9.45,debit,Restaurants,Cash,,
11/03/2021,Doordash,Doordash,14.88,debit,Restaurants,Cash,,
11/03/2021,Real Canadian Superstore,REAL CDN SUPERSTORE #1,7.04,debit,Groceries,TD CASH BACK VISA* CARD,,
11/02/2022,WAL-MART SUPERCENTER#1213,WAL-MART SUPERCENTER#1213,15.48,debit,Shopping,TD CASH BACK VISA* CARD,,
11/02/2022,A&W FOOD COURT #725,A&W FOOD COURT #725,14.28,debit,Fast Food,TD CASH BACK VISA* CARD,,
11/02/2021,Doordash,Doordash,14.66,debit,Restaurants,Cash,,
11/02/2021,Newyorkfries,Newyorkfries,13.47,debit,Restaurants,Cash,,
11/02/2021,Real Canadian Superstore,REAL CDN SUPERSTORE #1,5.01,debit,Groceries,TD CASH BACK VISA* CARD,,
11/01/2022,Rent,Rent,1877.75,debit,Mortgage & Rent,Cash,,
11/01/2022,REAL CDN SUPERSTORE #1,REAL CDN SUPERSTORE #1,20.29,debit,Groceries,TD CASH BACK VISA* CARD,,
11/01/2022,T&T SUPERMARKET #001,T&T SUPERMARKET #001,11.92,debit,Groceries,TD CASH BACK VISA* CARD,,
11/01/2021,Rent,Rent,1850,debit,Mortgage & Rent,Cash,,
11/01/2021,Chieftony,Chieftony,11.54,debit,Restaurants,Cash,,
11/01/2021,Pts Frm,PTS FRM: 00916918662,10,credit,Transfer,TD EVERY DAY SAVINGS ACCOUNT,,
11/01/2021,PTS TO: 00916923283,PTS TO: 00916923283,10,debit,Transfer,TD UNLIMITED CHEQUING ACCOUNT,,
10/31/2022,ACCT BAL REBATE,ACCT BAL REBATE,16.95,credit,Fees & Charges,TD UNLIMITED CHEQUING ACCOUNT,,
10/31/2022,MONTHLY ACCOUNT FEE,MONTHLY ACCOUNT FEE,16.95,debit,Bank Fee,TD UNLIMITED CHEQUING ACCOUNT,,
10/31/2022,PTS TO: 00916923283,PTS TO: 00916923283,10,debit,Transfer,TD UNLIMITED CHEQUING ACCOUNT,,
10/31/2022,Pts Frm,PTS FRM: 00916918662,10,credit,Transfer,TD EVERY DAY SAVINGS ACCOUNT,,
10/31/2022,INTEREST CREDIT,INTEREST CREDIT,0.02,credit,Interest Income,TD EVERY DAY SAVINGS ACCOUNT,,
10/31/2021,Glordano,Glordano,49.28,debit,Shopping,Cash,,
10/31/2021,DOORDASH*TIM HO _V,DOORDASH*TIM HO _V,14.35,debit,Restaurants,Cash,,
10/31/2021,Real Canadian Superstore,REAL CDN SUPERSTORE #1,7.9,debit,Groceries,TD CASH BACK VISA* CARD,,
10/31/2021,T & T Supermarket,T&T SUPERMARKET #001,6.99,debit,Groceries,TD CASH BACK VISA* CARD,,
10/30/2021,DOORDASH*POKEY _V,DOORDASH*POKEY _V,16.21,debit,Restaurants,Cash,,
10/29/2021,MONTHLY ACCOUNT FEE,MONTHLY ACCOUNT FEE,16.95,debit,Bank Fee,TD UNLIMITED CHEQUING ACCOUNT,,
10/29/2021,ACCT FEE REBATE,ACCT FEE REBATE,16.95,credit,Fees & Charges,TD UNLIMITED CHEQUING ACCOUNT,,
10/29/2021,DOORDASH*MILK & SUGAR,DOORDASH*MILK & SUGAR,15.36,debit,Restaurants,Cash,,
10/29/2021,BONUS INTEREST,BONUS INTEREST,0.48,credit,Interest Income,TD EVERY DAY SAVINGS ACCOUNT,,
10/29/2021,INTEREST CREDIT,INTEREST CREDIT,0.02,credit,Interest Income,TD EVERY DAY SAVINGS ACCOUNT,,
10/28/2021,Real Canadian Superstore,REAL CDN SUPERSTORE #1,21.41,debit,Groceries,TD CASH BACK VISA* CARD,,
10/28/2021,Doordash,Doordash,14.86,debit,Restaurants,Cash,,
10/28/2021,Wal-Mart,WAL-MART SUPERCENTER#1213,10.47,debit,Shopping,TD CASH BACK VISA* CARD,,
10/27/2022,Learning Car,Learning Car,100,debit,Auto & Transport,Cash,,
10/27/2022,T&T SUPERMARKET #001,T&T SUPERMARKET #001,34.8,debit,Groceries,TD CASH BACK VISA* CARD,,
10/27/2022,REAL CDN SUPERSTORE #1,REAL CDN SUPERSTORE #1,17.88,debit,Groceries,TD CASH BACK VISA* CARD,,
10/27/2022,PEPPER WIRELESS,PEPPER WIRELESS,11.2,debit,Mobile Phone,TD CASH BACK VISA* CARD,,
10/27/2021,Doordash,Doordash,14.76,debit,Restaurants,Cash,,
10/27/2021,Real Canadian Superstore,REAL CDN SUPERSTORE #1,12.43,debit,Groceries,TD CASH BACK VISA* CARD,,
10/27/2021,Wal-Mart,WAL-MART SUPERCENTER#1213,3.77,debit,Shopping,TD CASH BACK VISA* CARD,,
10/26/2022,BAKEHOUSE METROTOWN,BAKEHOUSE METROTOWN,16.78,debit,Restaurants,TD CASH BACK VISA* CARD,,
10/26/2022,REAL CDN SUPERSTORE #1,REAL CDN SUPERSTORE #1,8.47,debit,Groceries,TD CASH BACK VISA* CARD,,
10/26/2021,Real Canadian Superstore,REAL CDN SUPERSTORE #1,13.8,debit,Groceries,TD CASH BACK VISA* CARD,,
10/26/2021,Vina,Vina,12.5,debit,Restaurants,Cash,,
10/25/2022,T&T SUPERMARKET #001,T&T SUPERMARKET #001,16.74,debit,Groceries,TD CASH BACK VISA* CARD,,
10/25/2022,REAL CDN SUPERSTORE #1,REAL CDN SUPERSTORE #1,9.58,debit,Groceries,TD CASH BACK VISA* CARD,,
10/25/2021,Chieftony,Chieftony,11.54,debit,Restaurants,Cash,,
10/24/2022,T&T SUPERMARKET #001,T&T SUPERMARKET #001,5.73,debit,Groceries,TD CASH BACK VISA* CARD,,
10/24/2021,UNIQLO METROTOW _F,UNIQLO METROTOW _F,89.49,debit,Clothing,Cash,,
10/24/2021,Walmart,Walmart,83.97,debit,Home,Cash,,
10/24/2021,A&w,A&w,15.78,debit,Restaurants,Cash,,
10/23/2021,DOORDASH*POKEY OKEY,DOORDASH*POKEY OKEY,16.21,debit,Restaurants,Cash,,
10/23/2021,KOYA JAPAN,KOYA JAPAN,13.23,debit,Restaurants,TD CASH BACK VISA* CARD,,
10/22/2021,DOORDASH*MILK & SUGAR,DOORDASH*MILK & SUGAR,15.36,debit,Restaurants,Cash,,
10/22/2021,Real Canadian Superstore,REAL CDN SUPERSTORE #1,12.98,debit,Groceries,TD CASH BACK VISA* CARD,,
10/22/2021,Dollarama,DOLLARAMA #1010,7.84,debit,Shopping,TD CASH BACK VISA* CARD,,
10/21/2022,REVENUE SERVICES BC,REVENUE SERVICES BC,75,debit,Health Insurance,TD CASH BACK VISA* CARD,,
10/21/2022,Restaurant,Restaurant,36,debit,Restaurants,Cash,,
10/21/2021,Doordash,Doordash,16.04,debit,Restaurants,Cash,,
10/21/2021,TELUS COMM. WEB,TELUS COMM. WEB,9.66,debit,Mobile Phone,TD CASH BACK VISA* CARD,,
10/20/2022,PAYMENT - THANK YOU,PAYMENT - THANK YOU,499.51,credit,Credit Card Payment,TD CASH BACK VISA* CARD,,
10/20/2022,IX304 TFR-TO C/C,IX304 TFR-TO C/C,499.51,debit,Credit Card Payment,TD UNLIMITED CHEQUING ACCOUNT,,
10/20/2022,Learning Car,Learning Car,100,debit,Auto & Transport,Cash,,
10/20/2022,PRICESMART FOODS #2281,PRICESMART FOODS #2281,38.68,debit,Groceries,TD CASH BACK VISA* CARD,,
10/20/2022,REAL CDN SUPERS _F,REAL CDN SUPERS _F,21.96,debit,Groceries,TD UNLIMITED CHEQUING ACCOUNT,,
10/20/2022,YUNSHANG RICE N _F,YUNSHANG RICE N _F,15.28,debit,Restaurants,TD UNLIMITED CHEQUING ACCOUNT,,
10/20/2022,MUCHO BURRITO _F,MUCHO BURRITO _F,10.45,debit,Restaurants,TD UNLIMITED CHEQUING ACCOUNT,,
10/20/2022,T&T SUPERMARKET _F,T&T SUPERMARKET _F,7.73,debit,Groceries,TD UNLIMITED CHEQUING ACCOUNT,,
10/20/2021,PAYMENT - THANK YOU,PAYMENT - THANK YOU,638.07,credit,Credit Card Payment,TD CASH BACK VISA* CARD,,
10/20/2021,HW200 TFR-TO C/C,HW200 TFR-TO C/C,638.07,debit,Credit Card Payment,TD UNLIMITED CHEQUING ACCOUNT,,
10/20/2021,B.C. HYDRO-PAP BPY,B.C. HYDRO-PAP BPY,20.54,debit,Utilities,TD UNLIMITED CHEQUING ACCOUNT,,
10/20/2021,Kingspark,Kingspark,13.75,debit,Restaurants,Cash,,
10/19/2021,Real Canadian Superstore,REAL CDN SUPERSTORE #1,35.11,debit,Groceries,TD CASH BACK VISA* CARD,,
10/19/2021,DOORDASH*HI FIV _V,DOORDASH*HI FIV _V,15.65,debit,Restaurants,Cash,,
10/18/2021,Togo sushi,Togo sushi,14.1,debit,Restaurants,Cash,,
10/17/2022,TD ATM W/D 000866,TD ATM W/D 000866,100,debit,Transfer,TD UNLIMITED CHEQUING ACCOUNT,,
10/17/2021,DOORDASH*TIM HO _V,DOORDASH*TIM HO _V,14.35,debit,Restaurants,Cash,,
10/16/2021,DOORDASH*POKEY OKEY,DOORDASH*POKEY OKEY,16.21,debit,Restaurants,Cash,,
10/16/2021,T & T Supermarket,T&T SUPERMARKET #026,3.47,debit,Groceries,TD CASH BACK VISA* CARD,,
10/15/2021,Doordash,Doordash,13.09,debit,Restaurants,Cash,,
10/14/2022,CHEF TONY DIM SUM,CHEF TONY DIM SUM,13.64,debit,Restaurants,TD CASH BACK VISA* CARD,,
10/14/2021,Doordash,Doordash,15.37,debit,Restaurants,Cash,,
10/14/2021,Real Canadian Superstore,REAL CDN SUPERSTORE #1,4.7,debit,Groceries,TD CASH BACK VISA* CARD,,
10/13/2022,Learning Car,Learning Car,100,debit,Auto & Transport,Cash,,
10/13/2022,T&T SUPERMARKET #001,T&T SUPERMARKET #001,24.43,debit,Groceries,TD CASH BACK VISA* CARD,,
10/13/2022,REAL CDN SUPERSTORE #1,REAL CDN SUPERSTORE #1,14.13,debit,Groceries,TD CASH BACK VISA* CARD,,
10/13/2021,Wal-Mart,WAL-MART SUPERCENTER#1213,15.65,debit,Shopping,TD CASH BACK VISA* CARD,,
10/13/2021,DOORDASH*MILK & SUGAR,DOORDASH*MILK & SUGAR,14.84,debit,Restaurants,Cash,,
10/13/2021,T & T Supermarket,T&T SUPERMARKET #001,6.92,debit,Groceries,TD CASH BACK VISA* CARD,,
10/12/2022,THAI EXPRESS METROTOWN,THAI EXPRESS METROTOWN,15.2,debit,Restaurants,TD CASH BACK VISA* CARD,,
10/12/2021,Bubble Waffle Cafe,Bubble Waffle Cafe,14.65,debit,Restaurants,Cash,,
10/12/2021,Dinesty Dumpling,Dinesty Dumpling,11.99,debit,Restaurants,Cash,,
10/11/2022,T&T SUPERMARKET #001,T&T SUPERMARKET #001,24.35,debit,Groceries,TD CASH BACK VISA* CARD,,
10/11/2022,REAL CDN SUPERSTORE #1,REAL CDN SUPERSTORE #1,23.25,debit,Groceries,TD CASH BACK VISA* CARD,,
10/11/2021,Real Canadian Superstore,REAL CDN SUPERSTORE #1,8.93,debit,Groceries,TD CASH BACK VISA* CARD,,
10/11/2021,OOMOMO METROTOW _F,OOMOMO METROTOW _F,2.8,debit,Shopping,Cash,,
10/10/2021,UMI SUSHI EXPRESS (METROT,UMI SUSHI EXPRESS (METROT,12.08,debit,Restaurants,TD CASH BACK VISA* CARD,,
10/09/2021,TASKER ON TASKRABBIT,TASKER ON TASKRABBIT,158,debit,Home Services,TD CASH BACK VISA* CARD,,
10/09/2021,UNIQLO METROTOW _F,UNIQLO METROTOW _F,134.07,debit,Clothing,Cash,,
10/09/2021,Real Canadian Superstore,REAL CDN SUPERSTORE #1,77.53,debit,Groceries,TD CASH BACK VISA* CARD,,
10/09/2021,DOORDASH*POKEY OKEY,DOORDASH*POKEY OKEY,16.21,debit,Restaurants,Cash,,
10/08/2021,Wal-Mart,WAL-MART SUPERCENTER#1213,30.74,debit,Shopping,TD CASH BACK VISA* CARD,,
10/08/2021,Chipotle,DOORDASH*CHIPOTLE,15.28,debit,Restaurants,TD CASH BACK VISA* CARD,,
10/08/2021,KFC,KFC METROPOLIS,13.08,debit,Fast Food,TD CASH BACK VISA* CARD,,
10/08/2021,Doordash pass,Doordash pass,9.99,debit,Restaurants,Cash,,
10/07/2022,KFC METROPOLIS,KFC METROPOLIS,14.37,debit,Fast Food,TD CASH BACK VISA* CARD,,
10/07/2021,Real Canadian Superstore,REAL CDN SUPERSTORE #1,28,debit,Groceries,TD CASH BACK VISA* CARD,,
10/07/2021,DQOJ 27287 METROTOWN,DQOJ 27287 METROTOWN,5.03,debit,Groceries,TD CASH BACK VISA* CARD,,
10/07/2021,Dollarama,DOLLARAMA #1010,2.81,debit,Shopping,TD CASH BACK VISA* CARD,,
10/06/2022,Learning Car,Learning Car,100,debit,Auto & Transport,Cash,,
10/06/2022,Telus Comm BPY,Telus Comm BPY,99.93,debit,Mobile Phone,TD UNLIMITED CHEQUING ACCOUNT,,
10/06/2022,T&T SUPERMARKET #001,T&T SUPERMARKET #001,24.55,debit,Groceries,TD CASH BACK VISA* CARD,,
10/06/2022,DANNY HAIR SALON,DANNY HAIR SALON,18.9,debit,Hair,TD CASH BACK VISA* CARD,,
10/06/2022,PRICESMART FOODS #2281,PRICESMART FOODS #2281,18.33,debit,Groceries,TD CASH BACK VISA* CARD,,
10/06/2022,BK #14160,BK #14160,14.79,debit,Fast Food,TD CASH BACK VISA* CARD,,
10/06/2021,DOORDASH*MILK & SUGAR,DOORDASH*MILK & SUGAR,15.36,debit,Restaurants,TD CASH BACK VISA* CARD,,
10/05/2022,FIDO Mobile ******3898,FIDO Mobile ******3898,44.8,debit,Mobile Phone,TD CASH BACK VISA* CARD,,
10/05/2021,Wal-Mart,WAL-MART SUPERCENTER#1213,44.77,debit,Shopping,TD CASH BACK VISA* CARD,,
10/05/2021,#4700 STEVE'S POKE BA,SQ *#4700 STEVE'S POKE BA,16.07,debit,Restaurants,TD CASH BACK VISA* CARD,,
10/04/2022,B.C. HYDRO-PAP BPY,B.C. HYDRO-PAP BPY,47.11,debit,Utilities,TD UNLIMITED CHEQUING ACCOUNT,,
10/04/2022,REAL CDN SUPERSTORE #1,REAL CDN SUPERSTORE #1,6.84,debit,Groceries,TD CASH BACK VISA* CARD,,
10/03/2022,TOGO SUSHI METROTOWN,TOGO SUSHI METROTOWN,15.23,debit,Restaurants,TD CASH BACK VISA* CARD,,
10/03/2022,KFC METROPOLIS,KFC METROPOLIS,12.75,debit,Fast Food,TD CASH BACK VISA* CARD,,
10/03/2022,PTS TO: 00916923283,PTS TO: 00916923283,10,debit,Transfer,TD UNLIMITED CHEQUING ACCOUNT,,
10/03/2022,Pts Frm,PTS FRM: 00916918662,10,credit,Transfer,TD EVERY DAY SAVINGS ACCOUNT,,
10/03/2021,BOURBON ST GRILL,BOURBON ST GRILL,13,debit,Restaurants,TD CASH BACK VISA* CARD,,
10/03/2021,Dollarama,DOLLARAMA #1010,2.89,debit,Shopping,TD CASH BACK VISA* CARD,,
10/02/2021,DOORDASH*POKEY OKEY,DOORDASH*POKEY OKEY,16.21,debit,Restaurants,TD CASH BACK VISA* CARD,,
10/02/2021,Real Canadian Superstore,REAL CDN SUPERSTORE #1,15.58,debit,Groceries,TD CASH BACK VISA* CARD,,
10/01/2022,Rent,Rent,1877.75,debit,Mortgage & Rent,Cash,,
10/01/2021,Bestbuy,Bestbuy,1908.59,debit,Electronics & Software,Cash,,
10/01/2021,Rent,Rent,1850,debit,Mortgage & Rent,Cash,,
10/01/2021,IKEA,IKEA,779.5,debit,Furnishings,Cash,,
10/01/2021,Walmart chair,Walmart chair,112.89,debit,Home,Cash,,
10/01/2021,Real Canadian Superstore,REAL CDN SUPERSTORE #1,18.96,debit,Groceries,TD CASH BACK VISA* CARD,,
10/01/2021,PTS TO: 00916923283,PTS TO: 00916923283,10,debit,Transfer,TD UNLIMITED CHEQUING ACCOUNT,,
10/01/2021,Pts Frm,PTS FRM: 00916918662,10,credit,Transfer,TD EVERY DAY SAVINGS ACCOUNT,,
1/31/2022,MONTHLY ACCOUNT FEE,MONTHLY ACCOUNT FEE,16.95,debit,Bank Fee,TD UNLIMITED CHEQUING ACCOUNT,,
1/31/2022,ACCT FEE REBATE,ACCT FEE REBATE,16.95,credit,Fees & Charges,TD UNLIMITED CHEQUING ACCOUNT,,
1/31/2022,Pts Frm,PTS FRM: 00916918662,10,credit,Transfer,TD EVERY DAY SAVINGS ACCOUNT,,
1/31/2022,PTS TO: 00916923283,PTS TO: 00916923283,10,debit,Transfer,TD UNLIMITED CHEQUING ACCOUNT,,
1/31/2022,BONUS INTEREST,BONUS INTEREST,0.49,credit,Interest Income,TD EVERY DAY SAVINGS ACCOUNT,,
1/31/2022,INTEREST CREDIT,INTEREST CREDIT,0.02,credit,Interest Income,TD EVERY DAY SAVINGS ACCOUNT,,
1/30/2022,Real Canadian Superstore,REAL CDN SUPERSTORE #1,33.81,debit,Groceries,TD CASH BACK VISA* CARD,,
1/27/2022,Real Canadian Superstore,REAL CDN SUPERSTORE #1,17.37,debit,Groceries,TD CASH BACK VISA* CARD,,
1/27/2022,T & T Supermarket,T&T SUPERMARKET #001,16.43,debit,Groceries,TD CASH BACK VISA* CARD,,
1/25/2022,Real Canadian Superstore,REAL CDN SUPERSTORE #1,39.98,debit,Groceries,TD CASH BACK VISA* CARD,,
1/24/2023,IMPARK00661603U,IMPARK00661603U,3,debit,Parking,TD CASH BACK VISA* CARD,,
1/24/2022,Real Canadian Superstore,REAL CDN SUPERSTORE #1,38.42,debit,Groceries,TD CASH BACK VISA* CARD,,
1/24/2022,CHARTWELLS-67851,CHARTWELLS-67851,16.46,debit,Fast Food,TD CASH BACK VISA* CARD,,
1/23/2023,PAYMENT - THANK YOU,PAYMENT - THANK YOU,458.82,credit,Credit Card Payment,TD CASH BACK VISA* CARD,,
1/23/2023,JB571 TFR-TO C/C,JB571 TFR-TO C/C,458.82,debit,Credit Card Payment,TD UNLIMITED CHEQUING ACCOUNT,,
1/23/2023,Amazon,Amazon,64.95,debit,Electronics & Software,Cash,,
1/23/2022,Shoppers Drug Mart,SHOPPERS DRUG MART #22,29.5,debit,Pharmacy,TD CASH BACK VISA* CARD,,
1/23/2022,T & T Supermarket,T&T SUPERMARKET #001,23.79,debit,Groceries,TD CASH BACK VISA* CARD,,
1/23/2022,Real Canadian Superstore,REAL CDN SUPERSTORE #1,13.98,debit,Groceries,TD CASH BACK VISA* CARD,,
1/23/2022,Dollarama,DOLLARAMA #1010,1.4,debit,Shopping,TD CASH BACK VISA* CARD,,
1/22/2023,EASY PARK-CP80,EASY PARK-CP80,6,debit,Parking,TD CASH BACK VISA* CARD,,
1/21/2023,CAZBA EXPRESS,CAZBA EXPRESS,12.59,debit,Restaurants,TD CASH BACK VISA* CARD,,
1/21/2023,MY TOAN VIETNAMESE GOU,MY TOAN VIETNAMESE GOU,12.34,debit,Restaurants,TD CASH BACK VISA* CARD,,
1/21/2022,PAYMENT - THANK YOU,PAYMENT - THANK YOU,725.08,credit,Credit Card Payment,TD CASH BACK VISA* CARD,,
1/21/2022,JJ323 TFR-TO C/C,JJ323 TFR-TO C/C,725.08,debit,Credit Card Payment,TD UNLIMITED CHEQUING ACCOUNT,,
1/20/2022,Real Canadian Superstore,REAL CDN SUPERSTORE #1,14.01,debit,Groceries,TD CASH BACK VISA* CARD,,
1/20/2022,T & T Supermarket,T&T SUPERMARKET #001,10.72,debit,Groceries,TD CASH BACK VISA* CARD,,
1/19/2023,TIM HORTONS #5867,TIM HORTONS #5867,1.35,debit,Coffee Shops,TD CASH BACK VISA* CARD,,
1/18/2023,Learning Car,Learning Car,150,debit,Auto & Transport,Cash,,
1/18/2023,DRIVER SERVICES CENTRE,DRIVER SERVICES CENTRE,35,debit,Auto & Transport,TD CASH BACK VISA* CARD,,
1/18/2022,Real Canadian Superstore,REAL CDN SUPERSTORE #1,24.02,debit,Groceries,TD CASH BACK VISA* CARD,,
1/17/2023,Learning Car,Learning Car,100,debit,Auto & Transport,Cash,,
1/17/2022,REVENUE SERVICES BC,REVENUE SERVICES BC,75,debit,Health Insurance,TD CASH BACK VISA* CARD,,
1/17/2022,Real Canadian Superstore,REAL CDN SUPERSTORE #1,16.18,debit,Groceries,TD CASH BACK VISA* CARD,,
1/17/2022,KFC,KFC METROPOLIS,9.94,debit,Fast Food,TD CASH BACK VISA* CARD,,
1/17/2022,T & T Supermarket,T&T SUPERMARKET #001,1.28,debit,Groceries,TD CASH BACK VISA* CARD,,
1/16/2023,Icbc,Icbc,222.7,debit,Auto Insurance,Cash,,
1/16/2023,Learning Car,Learning Car,100,debit,Auto & Transport,Cash,,
1/16/2023,REVENUE SERVICES BC,REVENUE SERVICES BC,75,debit,Health Insurance,TD CASH BACK VISA* CARD,,
1/16/2023,REAL CDN SUPERSTORE #1,REAL CDN SUPERSTORE #1,5.73,debit,Groceries,TD CASH BACK VISA* CARD,,
1/15/2022,Real Canadian Superstore,REAL CDN SUPERSTORE #1,30.51,debit,Groceries,TD CASH BACK VISA* CARD,,
1/14/2023,CHV43071 KINGSWAY CHEV,CHV43071 KINGSWAY CHEV,40,debit,Gas & Fuel,TD CASH BACK VISA* CARD,,
1/14/2023,BK #14160,BK #14160,14.1,debit,Fast Food,TD CASH BACK VISA* CARD,,
1/13/2022,Real Canadian Superstore,REAL CDN SUPERSTORE #1,28.48,debit,Groceries,TD CASH BACK VISA* CARD,,
1/12/2023,REAL CDN SUPERSTORE #1,REAL CDN SUPERSTORE #1,53.23,debit,Groceries,TD CASH BACK VISA* CARD,,
1/12/2023,T&T SUPERMARKET #001,T&T SUPERMARKET #001,6.29,debit,Groceries,TD CASH BACK VISA* CARD,,
1/10/2023,FIDO Mobile ******5180,FIDO Mobile ******5180,28,debit,Mobile Phone,TD CASH BACK VISA* CARD,,
1/10/2022,Real Canadian Superstore,REAL CDN SUPERSTORE #1,11.53,debit,Groceries,TD CASH BACK VISA* CARD,,
1/10/2022,KFC,KFC METROPOLIS,9.64,debit,Fast Food,TD CASH BACK VISA* CARD,,
1/09/2023,T&T SUPERMARKET #001,T&T SUPERMARKET #001,15.16,debit,Groceries,TD CASH BACK VISA* CARD,,
1/09/2022,Real Canadian Superstore,REAL CDN SUPERSTORE #1,30.17,debit,Groceries,TD CASH BACK VISA* CARD,,
1/09/2022,Doordash pass,Doordash pass,9.99,debit,Restaurants,Cash,,
1/07/2023,BAKEHOUSE METROTOWN,BAKEHOUSE METROTOWN,15.73,debit,Restaurants,TD CASH BACK VISA* CARD,,
1/07/2022,Real Canadian Superstore,REAL CDN SUPERSTORE #1,25.05,debit,Groceries,TD CASH BACK VISA* CARD,,
1/07/2022,T & T Supermarket,T&T SUPERMARKET #001,16.42,debit,Groceries,TD CASH BACK VISA* CARD,,
1/06/2023,Stukent,Stukent,176.74,debit,Education,Cash,,
1/05/2023,T&T SUPERMARKET #001,T&T SUPERMARKET #001,49.35,debit,Groceries,TD CASH BACK VISA* CARD,,
1/05/2023,MUCHO BURRITO,MUCHO BURRITO,29.07,debit,Restaurants,TD CASH BACK VISA* CARD,,
1/05/2022,Pearson,Pearson,98.92,debit,Books & Supplies,Cash,,
1/05/2022,Pearson,Pearson,19.1,debit,Books & Supplies,Cash,,
1/04/2023,Telus Comm BPY,Telus Comm BPY,99.93,debit,Mobile Phone,TD UNLIMITED CHEQUING ACCOUNT,,
1/04/2022,Rent,Rent,1850,debit,Mortgage & Rent,Cash,,
1/04/2022,TELUS PRE-AUTH PAYMENT,TELUS PRE-AUTH PAYMENT,99.93,debit,Mobile Phone,TD CASH BACK VISA* CARD,,
1/04/2022,Fido,FIDO Mobile *910653898,44.8,debit,Mobile Phone,TD CASH BACK VISA* CARD,,
1/04/2022,Geeksquad,Geeksquad,32.19,debit,Electronics & Software,Cash,,
1/03/2023,Rent,Rent,1877.75,debit,Mortgage & Rent,Cash,,
1/03/2023,PTS REV: 00916918662,PTS REV: 00916918662,10,debit,Transfer,TD EVERY DAY SAVINGS ACCOUNT,,
1/03/2023,Pts Frm,PTS FRM: 00916918662,10,credit,Transfer,TD EVERY DAY SAVINGS ACCOUNT,,
1/03/2023,PTS TO: 00916923283,PTS TO: 00916923283,10,debit,Transfer,TD UNLIMITED CHEQUING ACCOUNT,,
1/03/2023,PTS REV: 00916923283,PTS REV: 00916923283,10,credit,Income,TD UNLIMITED CHEQUING ACCOUNT,,
1/03/2022,Real Canadian Superstore,REAL CDN SUPERSTORE #1,18.46,debit,Groceries,TD CASH BACK VISA* CARD,,
1/02/2023,REAL CDN SUPERSTORE #1,REAL CDN SUPERSTORE #1,21.24,debit,Groceries,TD CASH BACK VISA* CARD,,
1/02/2023,CRYSTAL HAIR & BEAUTY CEN,CRYSTAL HAIR & BEAUTY CEN,18.9,debit,Hair,TD CASH BACK VISA* CARD,,
1/02/2022,Real Canadian Superstore,REAL CDN SUPERSTORE #1,41.35,debit,Groceries,TD CASH BACK VISA* CARD,,
